news_id,content,summary,image_url,created_at
1,"Mã chứng khoán DXG của Tập đoàn trên HoSE tiếp tục được duy trì. Tập đoàn dự kiến hoàn tất việc triển khai thay đổi nhận diện thương hiệu BLUEMARQ GROUP mới tại toàn bộ văn phòng, dự án, chi nhánh hoạt động và các bộ nhận diện thương hiệu trong quý 3/2026.
Công ty Cổ phần Tập đoàn Đất Xanh (mã chứng khoán: DXG - HoSE) vừa chính thức công bố tên gọi mới là Công ty Cổ phần BLUEMARQ GROUP.
Trước đó, việc tái cấu trúc thương hiệu Tập đoàn đã được Đại hội đồng Cổ đông thường niên thông qua ngày 17/04/2026. Giấy chứng nhận Đăng ký Doanh nghiệp với tên gọi mới được cấp ngày 06/05/2026.
Mã chứng khoán DXG của Tập đoàn trên HoSE tiếp tục được duy trì. Tập đoàn dự kiến hoàn tất việc triển khai thay đổi nhận diện thương hiệu BLUEMARQ GROUP mới tại toàn bộ văn phòng, dự án, chi nhánh hoạt động và các bộ nhận diện thương hiệu trong quý 3/2026.
Nhà sáng lập - Chủ tịch Hội đồng Chiến lược Tập đoàn Đất Xanh, ông Lương Trí Thìn nhận định, dòng vốn toàn cầu đang tái cấu trúc, các trung tâm tài chính mới đang hình thành. Chuỗi cung ứng, hạ tầng, logistics, năng lượng, dữ liệu và bất động sản,… đang trở thành những tài sản chiến lược của kỷ nguyên mới.
Trong thế giới đó, thế mạnh không còn nằm ở người bán sản phẩm, thế mạnh nằm ở những tổ chức có khả năng huy động vốn toàn cầu, phân bổ vốn hiệu quả và và sở hữu những hệ thống tài sản quy mô lớn. Trong bối cảnh đó, nếu tiếp tục đi theo con đường cũ, doanh nghiệp sẽ bị giới hạn bởi chính mô hình tăng trưởng của mình.
Chiến lược tái cấu trúc của Đất Xanh lần này được xây dựng nhằm mở rộng năng lực phát triển, chuyển đổi từ mô hình doanh nghiệp bất động sản truyền thống sang Tập đoàn đầu tư, quản lý tài sản và phát triển bất động sản toàn cầu.
Đồng thời, việc chuyển đổi giúp BLUEMARQ GROUP nâng cao năng lực vận hành, tối ưu hiệu quả sử dụng vốn và mở rộng khả năng hợp tác với các tổ chức tài chính, quỹ đầu tư và đối tác chiến lược trong và ngoài nước.
Việc tái cấu trúc diễn ra trong bối cảnh khung pháp lý bất động sản Việt Nam vừa được hoàn thiện toàn diện qua Luật Đất đai 2024, Luật Nhà ở 2023 và Luật Kinh doanh Bất động sản 2023; cùng các định hướng chiến lược như Nghị quyết 68-NQ/TW về phát triển kinh tế tư nhân và Nghị quyết 222/2025/QH15 về thành lập Trung tâm tài chính quốc tế, tạo nền tảng thuận lợi cho mô hình đầu tư và quản lý tài sản theo chuẩn quốc tế.
BLUEMARQ GROUP được định vị với khát vọng xây dựng một doanh nghiệp Việt Nam có năng lực đầu tư, quản lý tài sản và phát triển bất động sản theo chuẩn quốc tế, từng bước tham gia sâu hơn vào dòng chảy đầu tư toàn cầu.
BLUEMARQ GROUP hiện có tổng tài sản hợp nhất đạt hơn 38.100 tỷ đồng, vốn điều lệ trên 11.141 tỷ đồng, cùng đội ngũ hơn 4.500 nhân sự. Thương hiệu DAT XANH thuộc hệ sinh thái BLUEMARQ GROUP được thừa hưởng nền tảng kinh doanh và tiếp tục dẫn dắt vận hành mạng lưới gần 100 công ty và chi nhánh dịch vụ bất động sản trên toàn quốc.
Hệ sinh thái mới của BLUEMARQ GROUP được xây dựng trên bốn nền tảng hoạt động chuyên biệt: BLUEMARQ Investment: đóng vai trò nền tảng đầu tư, huy động vốn và kết nối nguồn lực tài chính chiến lược;
BLUEMARQ Development: đảm nhiệm vai trò phát triển bất động sản; BLUEMARQ Asset Management: chịu trách nhiệm quản lý, vận hành và khai thác tài sản; DAT XANH: tiếp tục giữ vai trò thương hiệu dịch vụ bất động sản chủ lực.
Mô hình này được xây dựng theo định hướng phát triển đồng bộ giữa đầu tư, thu hút vốn, phát triển, vận hành và dịch vụ, nhằm hướng tới nguồn doanh thu định kỳ có khả năng vận hành linh hoạt, tối ưu hiệu quả vốn và mở rộng các nguồn thu bền vững trong dài hạn.
Bên cạnh hoạt động phát triển dự án tiếp tục là trụ cột trung tâm của Tập đoàn, BLUEMARQ GROUP hướng đến xây dựng các nền tảng đầu tư tài sản dài hạn và khai thác tối ưu vận hành theo chuẩn quốc tế. Với chiến lược mới này, BLUEMARQ GROUP xem kỷ luật, vận hành xuất sắc và minh bạch là giá trị cốt lõi để tối ưu sự hợp tác vốn của thị trường.
Trong cấu trúc mới, DAT XANH tiếp tục được duy trì như một thương hiệu dịch vụ bất động sản độc lập, kế thừa sự nhận diện, hệ thống phân phối và những giá trị đã được xây dựng trong hơn 20 năm qua.
Cơ quan Cảnh sát điều tra thuộc Bộ Công an đã ra các Quyết định khởi tố bị can đối với ông Nguyễn Chơn Hùng – Chủ tịch Hội đồng quản trị Công ty CP Tư vấn Xây dựng Điện 2 và bà Bùi Thị Ngọc Lý - Kế toán trưởng Công ty.
Hiện có 13 cá nhân liên quan đến ""bầu"" Đức sở hữu cổ phiếu HAG, với tổng tỷ lệ nắm giữ khoảng 30,25% vốn điều lệ HAGL.
HOSE cho biết chuyển cổ phiếu DGC từ diện kiểm soát sang diện hạn chế giao dịch từ ngày 26/5 tới do tổ chức niêm yết chậm nộp báo cáo tài chính năm 2025 đã kiểm toán quá 45 ngày so với thời hạn quy định.
Theo báo cáo vừa cập nhật, quỹ Smallcap World Fund, Inc đang nắm hơn 76,2 triệu cổ phiếu ACB, tương ứng tỷ lệ sở hữu 1,494%; Tiếp theo là Boardwalk South Limited đang nắm giữ là hơn 43 triệu cổ phiếu ACB; tương ứng 0,839%.
Sau khi trừ đi các chi phí, lợi nhuận sau thuế của PC1 đạt gần 270 tỷ đồng, tăng 86% so với cùng kỳ năm 2025.
Với phương châm Đoàn kết - Dân chủ - Kỷ cương - Đột phá - Phát triển, Đại hội đại biểu toàn quốc lần thứ XIV của Đảng xác định tư duy, tầm nhìn, những quyết sách chiến lược để chúng ta vững bước tiến mạnh trong kỷ nguyên mới, thực hiện thắng lợi các mục tiêu phát triển đất nước đến năm 2030 khi Đảng ta tròn 100 năm thành lập (1930 - 2030); hiện thực hoá tầm nhìn phát triển đến năm 2045, kỷ niệm 100 năm thành lập nước Cộng hoà xã hội chủ nghĩa Việt Nam (1945 - 2045).
Tổng số đơn vị bầu cử đại biểu Quốc hội khóa XVI trong cả nước là 182. Số đơn vị bầu cử, danh sách các đơn vị bầu cử và số lượng đại biểu Quốc hội được bầu ở mỗi đơn vị bầu cử của các tỉnh, thành phố được ấn định...
VnEconomy cập nhật giá vàng trong nước & thế giới hôm nay: SJC, 9999, giá vàng USD/oz, biến động giá vàng tăng, giảm - phân tích, dự báo & dữ liệu lịch sử.
Interactive là một sản phẩm báo chí mới của VnEconomy vừa được ra mắt bạn đọc từ đầu tháng 3/2023 đã gây ấn tượng mạnh với độc giả bởi sự mới lạ, độc đáo. Đây cũng là sản phẩm độc quyền chỉ có trên VnEconomy.
Trong kỷ nguyên trí tuệ nhân tạo, đặc biệt là generative AI, phát triển mạnh mẽ, Tạp chí Kinh tế Việt Nam/VnEconomy đã tiên phong ứng dụng công nghê để mang đến trải nghiệm thông tin đột phá với chatbot AI Askonomy...
Thuế đối ứng của Mỹ có ảnh hướng thế nào đến chứng khoán?
Chính sách thuế quan mới của Mỹ, đặc biệt với mức thuế đối ứng 20% áp dụng từ ngày 7/8/2025 (giảm từ 46% sau đàm phán),
                            có tác động đáng kể đến kinh tế Việt Nam do sự phụ thuộc lớn vào xuất khẩu sang Mỹ (chiếm ~30% kim ngạch xuất khẩu).
                            Dưới đây là phân tích ngắn gọn về các ảnh hưởng chính:",Mã chứng khoán DXG của Tập đoàn trên HoSE tiếp tục được duy trì. Tập đoàn dự kiến hoàn tất việc triển khai thay đổi nhận diện thương hiệu BLUEMARQ GROUP mới ...,https://premedia.vneconomy.vn/files/uploads/2026/05/21/c9b6f1be3b2f4635b4b89d91fa989a59-91688.png?w=1200&h=630&mode=crop,2026-05-21T15:12:57
3,"Hiện có 13 cá nhân liên quan đến ""bầu"" Đức sở hữu cổ phiếu HAG, với tổng tỷ lệ nắm giữ khoảng 30,25% vốn điều lệ HAGL.
Ông Đoàn Nguyên Đức thông báo giao dịch cổ phiếu của Người nội bộ Công ty Cổ phần Hoàng Anh Gia Lai (mã HAG-HOSE).
Theo đó, ông Đoàn Nguyên Đức - Chủ tịch HĐQT HAG vừa đăng ký mua thêm 4 triệu cổ phiếu HAG theo phương thức khớp lệnh trên sàn từ ngày 25/5 đến 23/6.
Sau giao dịch, tỷ lệ sở hữu của ông Đức tại HAG dự kiến tăng từ 317,95 triệu cp, chiếm 25,09% lên 321,95 triệu cổ phiếu 25,4% vốn điều lệ.
Nếu thành công, nhóm cổ đông liên quan đến ông Đức sẽ tăng sở hữu từ hơn 383 triệu cổ phiếu, chiếm 30,25% vốn tại HAG lên hơn 387,46 triệu cổ phiếu, chiếm 30,57%.
Hiện có 13 cá nhân liên quan đến bầu Đức sở hữu cổ phiếu HAG, với tổng tỷ lệ nắm giữ khoảng 30,25% vốn điều lệ HAGL. Trong đó, ông Đoàn Hoàng Nam - con trai bầu Đức là người sở hữu nhiều nhất với khoảng 52 triệu cổ phiếu HAG. Xếp sau là bà Đoàn Hoàng Anh, con gái ông Đức, nắm khoảng 13 triệu cổ phiếu.
Như vậy, đây là lần thứ 4 ông Đức đăng ký mua vào cổ phiếu HAG. Cụ thể: ông Đức mua thành công 5 triệu cổ phiếu HAG từ 11/3-18/3; lần 2, mua 4 triệu cổ phiếu HAG từ ngày 26/3-16/4 và lần 3 mua thành công 4 triệu cổ phiếu HAG từ ngày 7/5-12/5/2026.
Kết thúc quý 1/2026, HAG ghi nhận lãi sau thuế  hợp nhất đạt 1.173 tỷ đồng, tăng 812 tỷ so với cùng kỳ nguyên nhân là do lãi gộp tăng 61 tỷ so với cùng kỳ chủ yếu là từ hoạt động kinh doanh chuối; lãi từ hoạt động tài chính tăng 733 tỷ đồng chủ yếu là do lãi trái phiếu được miễn giảm; Chi phí bán hàng và chi phí quản lý doanh nghiệp giảm 19 tỷ so với cùng kỳ.
Tính đến ngày 31/1/2026, lợi nhuận sau thuế chưa phân phối tăng từ gần 1.393 tỷ lên hơn 2.663 tỷ đồng.
Năm 2026, HAGL đặt kế hoạch doanh thu đạt 8.624 tỷ đồng và lợi nhuận sau thuế 4.202 tỷ đồng; chi trả cổ tức 500 đồng/cổ phiếu và tái đầu tư vào các dự án trọng điểm của năm 2027 là cà phê và dâu tằm.
Về kế hoạch phân phối lợi nhuận, HAG cho biết lợi nhuận năm 2025 sau khi bù đắp lỗ lũy kế của các năm trước sẽ được giữ lại toàn bộ để tái đầu tư vào dự án cà phê và dâu tằm. Do đó, năm 2026 công ty sẽ không chia cổ tức.
Trong năm 2026, công ty dự kiến đầu tư trồng mới các dự án: Trồng mới 7.000 ha Cà phê; Trồng mới 1.000 ha Dâu tằm; Trồng mới 700 ha Sầu riêng. Đồng thời, đầu tư xây dựng các nhà máy chế biến cà phê, bao gồm: 4 nhà máy chế biến ướt tại các vùng nguyên liệu và 1 nhà máy chiết xuất tinh cà phê.
HOSE cho biết chuyển cổ phiếu DGC từ diện kiểm soát sang diện hạn chế giao dịch từ ngày 26/5 tới do tổ chức niêm yết chậm nộp báo cáo tài chính năm 2025 đã kiểm toán quá 45 ngày so với thời hạn quy định.
Theo báo cáo vừa cập nhật, quỹ Smallcap World Fund, Inc đang nắm hơn 76,2 triệu cổ phiếu ACB, tương ứng tỷ lệ sở hữu 1,494%; Tiếp theo là Boardwalk South Limited đang nắm giữ là hơn 43 triệu cổ phiếu ACB; tương ứng 0,839%.
Sau khi trừ đi các chi phí, lợi nhuận sau thuế của PC1 đạt gần 270 tỷ đồng, tăng 86% so với cùng kỳ năm 2025.
Ngày 28/5 tới đây, Taseco Land sẽ chốt danh sách cổ đông để trả cổ tức năm 2025 với tổng tỷ lệ 15% và nhận cổ phiếu phát hành từ nguồn vốn chủ sở hữu với tỷ lệ 30%. Trong đó, riêng cổ tức, tỷ lệ tiền mặt là 5% và còn lại 10% bằng cổ phiếu.
Vietinbank, tổ chức liên quan bà Hồ Thị Thu Hiền, uỷ viên HĐQT SGP tiếp tục đăng ký bán hết 19.314.627 cổ phiếu SGP, giảm sở hữu từ 8,93% về 0% vốn điều lệ, giao dịch dự kiến thực hiện từ ngày 25/5 đến ngày 23/6.
Với phương châm Đoàn kết - Dân chủ - Kỷ cương - Đột phá - Phát triển, Đại hội đại biểu toàn quốc lần thứ XIV của Đảng xác định tư duy, tầm nhìn, những quyết sách chiến lược để chúng ta vững bước tiến mạnh trong kỷ nguyên mới, thực hiện thắng lợi các mục tiêu phát triển đất nước đến năm 2030 khi Đảng ta tròn 100 năm thành lập (1930 - 2030); hiện thực hoá tầm nhìn phát triển đến năm 2045, kỷ niệm 100 năm thành lập nước Cộng hoà xã hội chủ nghĩa Việt Nam (1945 - 2045).
Tổng số đơn vị bầu cử đại biểu Quốc hội khóa XVI trong cả nước là 182. Số đơn vị bầu cử, danh sách các đơn vị bầu cử và số lượng đại biểu Quốc hội được bầu ở mỗi đơn vị bầu cử của các tỉnh, thành phố được ấn định...
VnEconomy cập nhật giá vàng trong nước & thế giới hôm nay: SJC, 9999, giá vàng USD/oz, biến động giá vàng tăng, giảm - phân tích, dự báo & dữ liệu lịch sử.
Interactive là một sản phẩm báo chí mới của VnEconomy vừa được ra mắt bạn đọc từ đầu tháng 3/2023 đã gây ấn tượng mạnh với độc giả bởi sự mới lạ, độc đáo. Đây cũng là sản phẩm độc quyền chỉ có trên VnEconomy.
Trong kỷ nguyên trí tuệ nhân tạo, đặc biệt là generative AI, phát triển mạnh mẽ, Tạp chí Kinh tế Việt Nam/VnEconomy đã tiên phong ứng dụng công nghê để mang đến trải nghiệm thông tin đột phá với chatbot AI Askonomy...
Thuế đối ứng của Mỹ có ảnh hướng thế nào đến chứng khoán?
Chính sách thuế quan mới của Mỹ, đặc biệt với mức thuế đối ứng 20% áp dụng từ ngày 7/8/2025 (giảm từ 46% sau đàm phán),
                            có tác động đáng kể đến kinh tế Việt Nam do sự phụ thuộc lớn vào xuất khẩu sang Mỹ (chiếm ~30% kim ngạch xuất khẩu).
                            Dưới đây là phân tích ngắn gọn về các ảnh hưởng chính:","Hiện có 13 cá nhân liên quan đến ""bầu"" Đức sở hữu cổ phiếu HAG, với tổng tỷ lệ nắm giữ khoảng 30,25% vốn điều lệ HAGL.",https://premedia.vneconomy.vn/files/uploads/2026/05/20/7732e13c624b4084aa0069e2c4a08ee1-91261.gif,2026-05-21T15:12:57
2,"Cơ quan Cảnh sát điều tra thuộc Bộ Công an đã ra các Quyết định khởi tố bị can đối với ông Nguyễn Chơn Hùng – Chủ tịch Hội đồng quản trị Công ty CP Tư vấn Xây dựng Điện 2 và bà Bùi Thị Ngọc Lý - Kế toán trưởng Công ty.
Công ty CP Tư vấn Xây dựng Điện 2 (TV2) vừa có thông báo phát đi về việc cơ quan công an khởi tố ban lãnh đạo doanh nghiệp.
Thông báo nêu rõ: Cơ quan Cảnh sát điều tra thuộc Bộ Công an đã ra các Quyết định khởi tố bị can đối với ông Nguyễn Chơn Hùng – Chủ tịch Hội đồng quản trị Công ty và bà Bùi Thị Ngọc Lý - Kế toán trưởng Công ty.
Ông Nguyễn Chơn Hùng sinh năm 1970 tại Quảng Trị, có trình độ chuyên môn Kỹ sư Cơ khí, Thạc sĩ Quản trị Kinh Doanh. Ông nắm giữ chức Chủ tịch HĐQT TV2 từ tháng 6/2022 tới nay. Còn bà Bùi Thị Ngọc Lý có trình độ chuyên môn Cử nhân Kế toán, Thạc sĩ Quản trị Kinh doanh, giữ vị trí Kế toán trưởng Công ty từ tháng 12/2016.
Trong thông cáo báo chí vừa phát đi, TV2 cho biết, căn cứ Điều lệ Công ty và các quy định pháp luật hiện hành, các nhiệm vụ, quyền hạn, trách nhiệm cũng như thẩm quyền ký kết, phê duyệt, điều hành của các nhân sự bị ảnh hưởng đã được phân công lại hoặc ủy quyền hợp pháp, công tác quản trị và vận hành của Công ty được duy trì ổn định liên tục và đúng pháp luật.
Về đội ngũ quản lý, nhân sự chuyên môn, toàn bộ đội ngũ quản lý các cấp, Giám đốc dự án, chuyên gia, kỹ sư, giám sát, nhân sự kỹ thuật và nhân viên các phòng ban chức năng đều giữ nguyên chức trách, đang làm việc bình thường với tinh thần trách nhiệm cao. Mọi hoạt động hằng ngày từ khảo sát, tư vấn, thiết kế, mua sắm vật tư, thi công xây lắp, giám sát an toàn, quản lý chất lượng đến vận hành và bảo trì các nhà máy điện đều diễn ra bình thường theo đúng quy trình.
Về tình hình các dự án đang triển khai, công ty có bề dày hơn 40 năm hoạt động trong lĩnh vực năng lượng, đã và đang thực hiện nhiều dự án trọng điểm về nguồn và lưới điện. Hệ thống quản trị được chuẩn hóa, vận hành dựa trên quy trình và sự phối hợp của toàn thể Công ty.
""Tiến độ, chất lượng, an toàn các dự án được kiểm soát chặt chẽ; công tác vận hành và bảo trì các nhà máy điện được thực hiện 24/7, đảm bảo hoạt động ổn định, an toàn, đáp ứng đầy đủ các chỉ tiêu kỹ thuật và thực hiện đúng cam kết"", TV2 khẳng định.
Về các nghĩa vụ tài chính và hợp đồng, theo TV2, mọi nghĩa vụ tài chính, hợp đồng, thanh toán, bảo lãnh, công bố thông tin, cũng như chế độ lương, bảo hiểm và phúc lợi cho người lao động đều được thực hiện bình thường, đúng cam kết và quy định.
Về thông tin và phát ngôn chính thức, mọi thông tin chính thức liên quan đến hoạt động của công ty sẽ được cập nhật công khai, kịp thời theo đúng quy định pháp luật và nghĩa vụ công bố thông tin của doanh nghiệp niêm yết.
Liên quan đến vụ việc, trước đó vào ngày 16/05, một số lãnh đạo của PC1 cũng đã bị khởi tố, bắt tạm giam, gồm ông Trịnh Văn Tuấn - Chủ tịch HĐQT; ông Vũ Ánh Dương - Ủy viên HĐQT kiêm Tổng Giám đốc; ông Nguyễn Minh Đệ - Ủy viên HĐQT kiêm Phó Tổng Giám đốc PC1, đồng thời là Tổng Giám đốc Công ty TNHH Cột thép Đông Anh; ông Trịnh Ngọc Anh - Phó Tổng Giám đốc PC1, Chủ tịch HĐQT CTCP Khoáng sản Tấn Phát và bà Trần Thị Minh Việt - Kế toán trưởng. Theo công bố của PC1, các cá nhân này đã có hành vi vi phạm quy định về kế toán gây hậu quả nghiêm trọng và tham ô tài sản.
Ngoài ra, ông Võ Hồng Quang - Ủy viên HĐQT kiêm Phó Tổng Giám đốc và ông Đặng Quốc Tưởng - Phó Tổng Giám đốc đang bị áp dụng biện pháp tạm giam.
Hiện có 13 cá nhân liên quan đến ""bầu"" Đức sở hữu cổ phiếu HAG, với tổng tỷ lệ nắm giữ khoảng 30,25% vốn điều lệ HAGL.
HOSE cho biết chuyển cổ phiếu DGC từ diện kiểm soát sang diện hạn chế giao dịch từ ngày 26/5 tới do tổ chức niêm yết chậm nộp báo cáo tài chính năm 2025 đã kiểm toán quá 45 ngày so với thời hạn quy định.
Theo báo cáo vừa cập nhật, quỹ Smallcap World Fund, Inc đang nắm hơn 76,2 triệu cổ phiếu ACB, tương ứng tỷ lệ sở hữu 1,494%; Tiếp theo là Boardwalk South Limited đang nắm giữ là hơn 43 triệu cổ phiếu ACB; tương ứng 0,839%.
Sau khi trừ đi các chi phí, lợi nhuận sau thuế của PC1 đạt gần 270 tỷ đồng, tăng 86% so với cùng kỳ năm 2025.
Ngày 28/5 tới đây, Taseco Land sẽ chốt danh sách cổ đông để trả cổ tức năm 2025 với tổng tỷ lệ 15% và nhận cổ phiếu phát hành từ nguồn vốn chủ sở hữu với tỷ lệ 30%. Trong đó, riêng cổ tức, tỷ lệ tiền mặt là 5% và còn lại 10% bằng cổ phiếu.
Với phương châm Đoàn kết - Dân chủ - Kỷ cương - Đột phá - Phát triển, Đại hội đại biểu toàn quốc lần thứ XIV của Đảng xác định tư duy, tầm nhìn, những quyết sách chiến lược để chúng ta vững bước tiến mạnh trong kỷ nguyên mới, thực hiện thắng lợi các mục tiêu phát triển đất nước đến năm 2030 khi Đảng ta tròn 100 năm thành lập (1930 - 2030); hiện thực hoá tầm nhìn phát triển đến năm 2045, kỷ niệm 100 năm thành lập nước Cộng hoà xã hội chủ nghĩa Việt Nam (1945 - 2045).
Tổng số đơn vị bầu cử đại biểu Quốc hội khóa XVI trong cả nước là 182. Số đơn vị bầu cử, danh sách các đơn vị bầu cử và số lượng đại biểu Quốc hội được bầu ở mỗi đơn vị bầu cử của các tỉnh, thành phố được ấn định...
VnEconomy cập nhật giá vàng trong nước & thế giới hôm nay: SJC, 9999, giá vàng USD/oz, biến động giá vàng tăng, giảm - phân tích, dự báo & dữ liệu lịch sử.
Interactive là một sản phẩm báo chí mới của VnEconomy vừa được ra mắt bạn đọc từ đầu tháng 3/2023 đã gây ấn tượng mạnh với độc giả bởi sự mới lạ, độc đáo. Đây cũng là sản phẩm độc quyền chỉ có trên VnEconomy.
Trong kỷ nguyên trí tuệ nhân tạo, đặc biệt là generative AI, phát triển mạnh mẽ, Tạp chí Kinh tế Việt Nam/VnEconomy đã tiên phong ứng dụng công nghê để mang đến trải nghiệm thông tin đột phá với chatbot AI Askonomy...
Thuế đối ứng của Mỹ có ảnh hướng thế nào đến chứng khoán?
Chính sách thuế quan mới của Mỹ, đặc biệt với mức thuế đối ứng 20% áp dụng từ ngày 7/8/2025 (giảm từ 46% sau đàm phán),
                            có tác động đáng kể đến kinh tế Việt Nam do sự phụ thuộc lớn vào xuất khẩu sang Mỹ (chiếm ~30% kim ngạch xuất khẩu).
                            Dưới đây là phân tích ngắn gọn về các ảnh hưởng chính:",Cơ quan Cảnh sát điều tra thuộc Bộ Công an đã ra các Quyết định khởi tố bị can đối với ông Nguyễn Chơn Hùng – Chủ tịch Hội đồng quản trị Công ty CP Tư vấn Xâ...,https://premedia.vneconomy.vn/files/uploads/2026/05/21/dabbd79749604e72b8203a1040c41dd0-91693.png?w=1200&h=630&mode=crop,2026-05-21T15:12:57
4,"Chứng khoán Beta bị phạt 187,5 triệu đồng do cho vay đối với một số cá nhân thông qua hình thức tạm ứng (giao vốn) tại một số thời điểm trong năm 2024 và năm 2025.
Thanh tra Chứng khoán Nhà nước đã ban hành quyết định về việc xử phạt vi phạm hành chính đối với Công ty cổ phần chứng khoán Beta (Tp.HCM) với số tiền phạt là 362,5 triệu đồng.
Theo đó, công ty này bị phạt 187,5 triệu đồng đối với hành vi vi phạm về hạn chế cho vay.
Cụ thể: công ty cho vay đối với một số cá nhân thông qua hình thức tạm ứng (giao vốn) tại một số thời điểm trong năm 2024 và năm 2025.
Tiếp theo là phạt 175 triệu đồng đối với hành vi Báo cáo có nội dung sai lệch. Cụ thể: công ty đã báo cáo không chính xác về tỷ lệ an toàn tài chính tại các thời điểm 31/5/2024, 31/7/2024, 30/9/2025 và 30/10/2025).
Biện pháp khắc phục hậu quả đối với Chứng khoán Beta là công ty buộc báo cáo thông tin chính xác đối với hành vi vi phạm báo cáo có nội dung sai lệch, theo quy định tại khoản 4 Điều 43 Nghị định 156/2020/NĐ-CP được sửa đổi, bổ sung theo quy định tại điểm c khoản 34 Điều 1 Nghị định 128/2021/NĐ-CP.
CTCP Chứng khoán Beta được thành lập vào ngày 6/12/2007, vốn điều lệ hiện đạt 400 tỷ đồng. Trước đó, doanh nghiệp này đã từng bị xử phạt 125 triệu đồng do vi phạm quy định về nhận lệnh và thực hiện lệnh giao dịch của khách hàng.
Kết thúc quý 1/2026, Chứng khoán Beta ghi nhận lỗ 6,8 tỷ đồng (cùng kỳ lỗ hơn 2,8 tỷ đồng). Lợi nhuận sau thuế chưa phân phối giảm mạnh từ hơn 15,277 tỷ đồng xuống còn gần 8,4 tỷ đồng.
Trước đó, SSC đã phạt 1 loạt công ty với cùng mức phạt 92,5 triệu đồng do liên quan đến trái phiếu, không công bố thông tin phải công bố. Bao gồm: Công ty cổ phần Neo Floor (Hải Phòng); Công ty cổ phần Bệnh viện đa khoa tư nhân Triều An (Tp.HCM); Công ty cổ phần Vận tải thuỷ số 3 Hải Phòng; Công ty cổ phần Xuất nhập khẩu Thủy sản Sài Gòn (Tp.HCM).
Nguyên nhân cổ phiếu AAV bị hủy niêm yết trên HNX là do hoạt động kinh doanh của CTCP AAV Group (được xác định theo chỉ tiêu lợi nhuận sau thuế của công ty mẹ trên Báo cáo tài chỉnh hợp nhất đã kiểm toán) bị thua lỗ trong 03 năm liên tục gần nhất (2023, 2024, 2025),
Bộ Công an cho rằng mức phạt tiền với một số tội danh chưa phù hợp như các tội trong lĩnh vực sản xuất, kinh doanh, thương mại; các tội trong lĩnh vực thuế, tài chính, ngân hàng, chứng khoán, bảo hiểm và các tội khác xâm phạm trật tự quản lý kinh tế…
Cổ phiếu VNE bị đưa vào diện diện cảnh báo từ ngày 24/4 do chậm nộp báo cáo tài chính năm 2025 đã kiểm toán, còn cổ phiếu VMD có ý kiến kiểm toán ngoại trừ đối với Báo cáo tài chính hợp nhất đã được kiểm toán năm 2025...
Chủ thể giao dịch hạn ngạch phát thải, tín chỉ carbon trên sàn carbon trong nước cần có tài khoản tại các công ty chứng khoán và chỉ được sử dụng 1 tài khoản giao dịch chứng khoán. Các doanh nghiệp có thể sử dụng ngay tài khoản chứng khoán hiện có để tham gia sàn...
Công ty không lưu giữ tài liệu về việc lựa chọn nhà đầu tư tham gia mua mã trái phiếu F8812505 của Công ty cổ phần Kinh doanh F88 cho đợt phát hành sơ cấp thời gian từ 1/8/2025 đến 15/08/2025.
Với phương châm Đoàn kết - Dân chủ - Kỷ cương - Đột phá - Phát triển, Đại hội đại biểu toàn quốc lần thứ XIV của Đảng xác định tư duy, tầm nhìn, những quyết sách chiến lược để chúng ta vững bước tiến mạnh trong kỷ nguyên mới, thực hiện thắng lợi các mục tiêu phát triển đất nước đến năm 2030 khi Đảng ta tròn 100 năm thành lập (1930 - 2030); hiện thực hoá tầm nhìn phát triển đến năm 2045, kỷ niệm 100 năm thành lập nước Cộng hoà xã hội chủ nghĩa Việt Nam (1945 - 2045).
Tổng số đơn vị bầu cử đại biểu Quốc hội khóa XVI trong cả nước là 182. Số đơn vị bầu cử, danh sách các đơn vị bầu cử và số lượng đại biểu Quốc hội được bầu ở mỗi đơn vị bầu cử của các tỉnh, thành phố được ấn định...
VnEconomy cập nhật giá vàng trong nước & thế giới hôm nay: SJC, 9999, giá vàng USD/oz, biến động giá vàng tăng, giảm - phân tích, dự báo & dữ liệu lịch sử.
Interactive là một sản phẩm báo chí mới của VnEconomy vừa được ra mắt bạn đọc từ đầu tháng 3/2023 đã gây ấn tượng mạnh với độc giả bởi sự mới lạ, độc đáo. Đây cũng là sản phẩm độc quyền chỉ có trên VnEconomy.
Trong kỷ nguyên trí tuệ nhân tạo, đặc biệt là generative AI, phát triển mạnh mẽ, Tạp chí Kinh tế Việt Nam/VnEconomy đã tiên phong ứng dụng công nghê để mang đến trải nghiệm thông tin đột phá với chatbot AI Askonomy...
Thuế đối ứng của Mỹ có ảnh hướng thế nào đến chứng khoán?
Chính sách thuế quan mới của Mỹ, đặc biệt với mức thuế đối ứng 20% áp dụng từ ngày 7/8/2025 (giảm từ 46% sau đàm phán),
                            có tác động đáng kể đến kinh tế Việt Nam do sự phụ thuộc lớn vào xuất khẩu sang Mỹ (chiếm ~30% kim ngạch xuất khẩu).
                            Dưới đây là phân tích ngắn gọn về các ảnh hưởng chính:","Chứng khoán Beta bị phạt 187,5 triệu đồng do cho vay đối với một số cá nhân thông qua hình thức tạm ứng (giao vốn) tại một số thời điểm trong năm 2024 và năm...",https://premedia.vneconomy.vn/files/uploads/2026/05/09/0c265b733fc2409d81eeadb5fed2e963-88569.jpg?w=1200&h=630&mode=crop,2026-05-21T15:12:58
5,"Nguyên nhân cổ phiếu AAV bị hủy niêm yết trên HNX là do hoạt động kinh doanh của CTCP AAV Group (được xác định theo chỉ tiêu lợi nhuận sau thuế của công ty mẹ trên Báo cáo tài chỉnh hợp nhất đã kiểm toán) bị thua lỗ trong 03 năm liên tục gần nhất (2023, 2024, 2025),
Sở Giao dịch Chứng khoán Hà Nội (HNX) thông báo ngày 15/05 tới là ngày hủy bỏ niêm yết bắt buộc đối cổ phiếu AAV của Công ty cổ phần AAV Group.
Theo đó, 68.987.661 cổ phiếu AAV sẽ bị hủy niêm yết trên HNX là vào ngày 15/5/2026; Ngày giao dịch cuối cùng tại HNX là ngày 14/5/2026;
Nguyên nhân bị hủy niêm yết trên HNX là do hoạt động kinh doanh của CTCP AAV Group (được xác định theo chỉ tiêu lợi nhuận sau thuế của công ty mẹ trên Báo cáo tài chính hợp nhất đã kiểm toán) bị thua lỗ trong 03 năm liên tục gần nhất (2023, 2024, 2025), thuộc trường hợp hủy bỏ niêm yết bắt buộc theo quy định tại điểm e khoản 1 Điều 120 Nghị định số 155/2020/NĐ-CP của Chính phủ quy định chi tiết thi hành một số điều của Luật Chứng khoán được sửa đổi, bổ sung tại điểm a khoản 47 Điều 1 Nghị định so 245 /2025/NĐ-CP.
Theo thông tin công bố từ phía công ty, AAV ghi nhận lợi nhuận sau thuế từ năm 2023-2025 lần lượt lỗ 17,3 tỷ; 15,75 tỷ và gần 21 tỷ đồng; lợi nhuận sau thuế Công ty mẹ từ năm 2023-2025 lần lượt âm 16,93 tỷ; 15,68 tỷ và 21,47 tỷ đồng. Nguyên nhân là do thị trường bất động sản và tài chính - tín dụng gặp nhiều khó khăn, thanh khoản suy giảm, ảnh hưởng trực tiếp đến tiến độ bán hàng và ghi nhận doanh thu của công ty...
Theo giới thiệu, Công ty cổ phần AAV Group là doanh nghiệp hoạt động đa ngành nghề, được thành lập từ tháng 4/2010, có trụ sở tại Tòa nhà văn phòng Việt Tiên Sơn, KDC phía Đông đường Yết Kiêu, phường Cộng Hòa, TP Chí Linh, tỉnh Hải Dương.
Từ khi thành lập đến nay, công ty đã khẳng định được thế mạnh trong lĩnh vực kinh doanh trọng điểm là bất động sản, đã triển khai đầu tư các dự án bất động sản như: Trung tâm Mua sắm tại phường Sao Đỏ, thị xã Chí Linh; Khu dân cư phía Đông đường Yết Kiêu, thị xã Chí Linh; Khu chung cư và nhà ở tại phường Việt Hòa, thành phố Hải Dương; Cụm dân cư đô thị cạnh khu sinh thái Âu Cơ, phường Ngọc Châu, thành phố Hải Dương.
Trong thời gian tới, Công ty tiếp tục triển khai một số dự án bất động sản trọng điểm khác như: Khu Côn Sơn Resort tại phường Cộng Hòa, thị xã Chí Linh; Khu dân cư phía Đông đường Trần Hưng Đạo, phường Sao Đỏ, thị xã Chí Linh, Khu Công viên nghĩa trang Hoa Lạc Viên, thị xã Chí Linh, một số dự án khu dân cư đô thị, khu phức hợp khách sạn, văn phòng và căn hộ dịch vụ cao cấp cho người nước ngoài thuê tại thành phố Hải Dương.
Bên cạnh đó, HNX cũng thông báo đưa một loạt cổ phiếu vào diện cảnh báo như HEV, IDJ, ECI, API, BNA và tiếp tục duy trì diện cảnh báo đối với một loạt cảnh báo gồm DDG, GKM...
Cụ thể: HNX thông báo đưa cổ phiếu HEV của Công ty cổ phần Sách Đại học - Dạy nghề vào diện bị cảnh báo do lợi nhuận sau thuế chưa phân phối tại ngày 31/12/2025 là số âm; Tổ chức kiểm toán có ý kiến kiểm toán ngoại trừ đối với báo cáo tài chính năm 2025 đã được kiểm toán; Tổ chức niêm yết chậm nộp báo cáo tài chính năm 2025 đã được kiểm toán quá 15 ngày so với thời hạn quy định.
- Cổ phiếu IDJ của Công ty cổ phần Đầu tư IDJ Việt Nam vào diện bị cảnh báo do tổ chức niêm yết chậm nộp báo cáo tài chính riêng và hợp nhất năm 2025 đã được kiểm toán quá 15 ngày so với thời hạn quy định.
- Cổ phiếu ECI của Công ty cổ phần Tập đoàn ECI vào diện bị cảnh báo do tổ chức niêm yết chậm nộp báo cáo tài chính riêng và hợp nhất năm 2025 đã được kiểm toán quá 15 ngày so với thời hạn quy định;
- Cổ phiếu API của CTCP Đầu tư Châu Á - Thái Bình Dương vào diện bị cảnh báo do tổ chức niêm yết chậm nộp báo cáo tài chính riêng và hợp nhất năm 2025 đã được kiểm toán quá 15 ngày so với thời hạn quy định;
- Cổ phiếu BNA của Công ty cổ phần Tập đoàn Đầu tư Bảo Ngọc vào diện bị cảnh báo do tổ chức niêm yết chậm nộp báo cáo tài chính riêng và hợp nhất năm 2025 đã được kiểm toán quá 15 ngày so với thời hạn quy định;
Đồng thời HNX đưa cổ phiếu BNA vào danh sách chứng khoán không được phép giao dịch ký quỹ từ ngày 29/4 do chứng khoán thuộc diện cảnh báo và lợi nhuận sau thuế của công ty mẹ 6 tháng đầu năm 2025 trên BCTC hợp nhất bán niên 2025 đã được soát xét là con số âm.
Thêm vào đó, HNX cho biết duy trì diện bị cảnh báo đối với cổ phiếu DDG của Công ty cổ phần (CTCP) Đầu tư Công nghiệp Xuất nhập khẩu Đông Dương do tổ chức niêm yết chậm nộp báo cáo tài chính riêng và hợp nhất năm 2025 đã kiểm toán quá 15 ngày so với thời hạn quy định; Lợi nhuận sau thuế chưa phân phối tại ngày 31/12/2024 trên Báo cáo tài chính hợp nhất năm 2024 đã được kiểm toán là số âm;
- Duy trì diện bị kiểm soát đối với cổ phiếu GKM của Công ty cổ phần GKM Holdings do tổ chức niêm yết vi phạm chậm nộp báo cáo tài chính năm đã được kiểm toán trong 02 năm liên tiếp (năm 2024 và năm 2025); đồng thời tiếp tục vi phạm các quy định về công bố thông tin trên thị trường chứng khoán sau khi SGDCK đưa cổ phiếu vào diện cảnh báo theo quy định tại điểm h khoản 1 Điều 40 Quy chế Niêm yết và giao dịch chứng khoán niêm yết.
- Duy trì diện bị kiểm soát đối với cổ phiếu AMV của Công ty cổ phần (CTCP) Sản xuất Kinh doanh Dược và Trang Thiết bị Y tế Việt Mỹ do tổ chức niêm yết vi phạm chậm nộp báo cáo tài chính năm đã được kiểm toán trong 02 năm liên tiếp (năm 2024 và năm 2025) và tổ chức kiểm toán có ý kiến kiểm toán ngoại trừ đối với báo báo cáo tài chính hợp nhất năm 2023 và năm 2024 đã được kiểm toán.
- Duy trì diện bị cảnh báo đối với cổ phiếu FID của Công ty cổ phần Đầu tư và Phát triển Doanh nghiệp Việt Nam do tổ chức niêm yết chậm nộp báo cáo tài chính riêng và hợp nhất năm 2025 đã được kiểm toán quá 15 ngày so với thời hạn quy định; Lợi nhuận sau thuế chưa phân phối tại ngày 31/12/2024 trên báo cáo tài chính hợp nhất năm 2024 đã được kiểm toán là số âm.
Hiện có 13 cá nhân liên quan đến ""bầu"" Đức sở hữu cổ phiếu HAG, với tổng tỷ lệ nắm giữ khoảng 30,25% vốn điều lệ HAGL.
HOSE cho biết chuyển cổ phiếu DGC từ diện kiểm soát sang diện hạn chế giao dịch từ ngày 26/5 tới do tổ chức niêm yết chậm nộp báo cáo tài chính năm 2025 đã kiểm toán quá 45 ngày so với thời hạn quy định.
Theo báo cáo vừa cập nhật, quỹ Smallcap World Fund, Inc đang nắm hơn 76,2 triệu cổ phiếu ACB, tương ứng tỷ lệ sở hữu 1,494%; Tiếp theo là Boardwalk South Limited đang nắm giữ là hơn 43 triệu cổ phiếu ACB; tương ứng 0,839%.
Sau khi trừ đi các chi phí, lợi nhuận sau thuế của PC1 đạt gần 270 tỷ đồng, tăng 86% so với cùng kỳ năm 2025.
Ngày 28/5 tới đây, Taseco Land sẽ chốt danh sách cổ đông để trả cổ tức năm 2025 với tổng tỷ lệ 15% và nhận cổ phiếu phát hành từ nguồn vốn chủ sở hữu với tỷ lệ 30%. Trong đó, riêng cổ tức, tỷ lệ tiền mặt là 5% và còn lại 10% bằng cổ phiếu.
Với phương châm Đoàn kết - Dân chủ - Kỷ cương - Đột phá - Phát triển, Đại hội đại biểu toàn quốc lần thứ XIV của Đảng xác định tư duy, tầm nhìn, những quyết sách chiến lược để chúng ta vững bước tiến mạnh trong kỷ nguyên mới, thực hiện thắng lợi các mục tiêu phát triển đất nước đến năm 2030 khi Đảng ta tròn 100 năm thành lập (1930 - 2030); hiện thực hoá tầm nhìn phát triển đến năm 2045, kỷ niệm 100 năm thành lập nước Cộng hoà xã hội chủ nghĩa Việt Nam (1945 - 2045).
Tổng số đơn vị bầu cử đại biểu Quốc hội khóa XVI trong cả nước là 182. Số đơn vị bầu cử, danh sách các đơn vị bầu cử và số lượng đại biểu Quốc hội được bầu ở mỗi đơn vị bầu cử của các tỉnh, thành phố được ấn định...
VnEconomy cập nhật giá vàng trong nước & thế giới hôm nay: SJC, 9999, giá vàng USD/oz, biến động giá vàng tăng, giảm - phân tích, dự báo & dữ liệu lịch sử.
Interactive là một sản phẩm báo chí mới của VnEconomy vừa được ra mắt bạn đọc từ đầu tháng 3/2023 đã gây ấn tượng mạnh với độc giả bởi sự mới lạ, độc đáo. Đây cũng là sản phẩm độc quyền chỉ có trên VnEconomy.
Trong kỷ nguyên trí tuệ nhân tạo, đặc biệt là generative AI, phát triển mạnh mẽ, Tạp chí Kinh tế Việt Nam/VnEconomy đã tiên phong ứng dụng công nghê để mang đến trải nghiệm thông tin đột phá với chatbot AI Askonomy...
Thuế đối ứng của Mỹ có ảnh hướng thế nào đến chứng khoán?
Chính sách thuế quan mới của Mỹ, đặc biệt với mức thuế đối ứng 20% áp dụng từ ngày 7/8/2025 (giảm từ 46% sau đàm phán),
                            có tác động đáng kể đến kinh tế Việt Nam do sự phụ thuộc lớn vào xuất khẩu sang Mỹ (chiếm ~30% kim ngạch xuất khẩu).
                            Dưới đây là phân tích ngắn gọn về các ảnh hưởng chính:",Nguyên nhân cổ phiếu AAV bị hủy niêm yết trên HNX là do hoạt động kinh doanh của CTCP AAV Group (được xác định theo chỉ tiêu lợi nhuận sau thuế của công ty m...,https://premedia.vneconomy.vn/files/uploads/2026/04/28/4fbb531e1d4b4cc6a3282fa39cdd32c5-86383.jpg?w=1200&h=630&mode=crop,2026-05-21T15:12:58
6,"Bộ Công an cho rằng mức phạt tiền với một số tội danh chưa phù hợp như các tội trong lĩnh vực sản xuất, kinh doanh, thương mại; các tội trong lĩnh vực thuế, tài chính, ngân hàng, chứng khoán, bảo hiểm và các tội khác xâm phạm trật tự quản lý kinh tế…
Bộ Công an đang lấy ý kiến đóng góp về dự án Bộ Luật Hình sự
(sửa đổi), trong đó có nhóm chính sách hoàn thiện quy định về hình phạt.
Theo Bộ Công an, phạm vi các tội danh áp dụng hình phạt tiền
trong Bộ Luật Hình sự hiện hành còn tương đối hẹp, chưa bao quát hết các trường
hợp.
Mức phạt tiền tối thiểu tại Điều 35 (đối với cá nhân, không
thấp hơn 1 triệu đồng) và Điều 77 (Đối với pháp nhân thương mại, không thấp hơn
50 triệu đồng) là tương đối thấp, chưa phù hợp với tình hình phát triển kinh tế,
xã hội, chưa tính đến sự thay đổi của mức lương cơ sở và thu nhập bình quân đầu
người của người dân ở thời điểm hiện tại so với thời điểm năm 2009 và năm 2015.
Mặt khác, mức phạt tiền của một số tội danh chưa thực sự phù
hợp. Cụ thể, mức phạt tiền ở một số nhóm tội có tính chất thu lợi nhuận bất
chính như: các tội trong lĩnh vực sản xuất, kinh doanh, thương mại; các tội
trong lĩnh vực thuế, tài chính, ngân hàng, chứng khoán, bảo hiểm và các tội
khác xâm phạm trật tự quản lý kinh tế; các tội phạm trong lĩnh vực công nghệ
thông tin, mạng viễn thông còn thấp chưa phù hợp với tình hình kinh tế, xã hội
của đất nước.
Thực tiễn cho thấy, các đối tượng phạm tội nêu trên đều thu
lợi bất chính rất lớn, có những vụ án lên đến hàng nghìn tỷ đồng. Do đó, cần
thiết phải nâng mức phạt tiền để bảo đảm tính răn đe và nâng cao hiệu quả thu hồi
tài sản bị tội phạm xâm hại.
Theo dự thảo tờ trình, Bộ Công an đề xuất mở rộng phạm vi áp
dụng hình phạt tiền đối với một số tội danh; nâng mức phạt tiền để bảo đảm tính
nghiêm khắc, răn đe của hình phạt;
Bổ sung quy định về quyết định hình phạt là
hình phạt tiền thay vì hình phạt tù đối với một số tội ít nghiêm trọng, nghiêm
trọng, nếu người phạm tội thành khẩn khai báo, ăn năn hối cải, tích cực hợp tác
trong quá trình điều tra, truy tố, xét xử và đã khắc phục toàn bộ hậu quả, bồi
thường toàn bộ thiệt hại;
Bộ Công an dự kiến tiếp tục thu hẹp phạm vi 10 tội danh còn
áp dụng hình phạt tử hình trong Bộ luật Hình sự hiện hành, chỉ giữ lại hình phạt
tử hình đối với các tội danh có tính chất “tội ác nghiêm trọng”, xâm phạm đến
khách thể đặc biệt quan trọng, gây những hậu quả nặng nề về mặt kinh tế, xã hội
và an ninh, con người;
Bổ sung giám sát điện tử là một biện pháp để thi hành án
phạt cải tạo không giam giữ, người bị kết án phạt tù nhưng cho hưởng án treo,
người được tha tù trước thời hạn có điều kiện, người bị kết án phạt quản chế, cấm
cư trú….
Một điểm đáng chú ý là Bộ Công cũng dự kiến bổ sung quy định
để bao quát đầy đủ các dạng tài sản trực tiếp liên quan đến tội phạm như tiền số,
tài sản số, giấy tờ có giá và quyền tài sản để phù hợp với tình hình thực tiễn.
Theo Bộ Công an, Điều 47 quy định “vật, tiền” có thể được sử
dụng làm công cụ, phương tiện để thực hiện tội phạm; đồng thời “vật, tiền” cũng
có thể là “sản phẩm” có được do việc thực hiện tội phạm và đều là đối tượng bị
tịch thu để sung vào ngân sách của nhà nước.
“Tuy nhiên, thực tế hiện nay cho thấy chúng ta đang đứng trước
kỷ nguyên của cuộc cách mạng công nghiệp 4.0 thì thuật ngữ “vật, tiền” đã không
phản ánh đầy đủ những gì mới xuất hiện như đồng tiền điện tử, phần mềm máy
tính, games điện tử, phần mềm trí tuệ nhân tạo...
Đây đều không phải “vật, tiền” (vì không thuộc về thế giới vật
chất) nhưng có thể quy đổi thành giá trị vật chất và trong nhiều trường hợp đều
có thể sử dụng làm công cụ, phương tiện thực hiện tội phạm”, bản dự thảo thuyết
minh nêu rõ.
Hoạt động kết nối giữa các nhà trường và doanh nghiệp sẽ góp phần nâng cao chất lượng đào tạo gắn với thực tiễn, phát triển nguồn nhân lực trẻ chất lượng cao. Đặc biệt, tạo cơ hội để sinh viên tiếp cận môi trường làm việc thực tế trước khi bước chân vào thị trường lao động...
Bộ Y tế thông tin về kết quả kiểm tra, rà soát sau khi cảnh báo sản phẩm sữa công thức a2 Platinum Premium dành cho trẻ 0-12 tháng tuổi có chứa độc tố bị thu hồi tại Mỹ...
Bên cạnh trách nhiệm hình sự, đại diện Viện Kiểm sát cũng đề nghị: các bị cáo phải liên đới bồi thường toàn bộ số tiền thất thoát, lãng phí là hơn 803 tỷ đồng cho ngân sách Nhà nước...
Với nhiều đền chùa linh thiêng làm nền tảng cho du lịch tâm linh, chợ Kỳ Lừa, phố cổ Háng Ngầu và chợ Bản Ngà đang được định hướng khai thác, nâng cấp nhằm phát triển du lịch văn hóa, góp phần quảng bá hình ảnh xứ Lạng và tạo sức hút mới cho du khách trong và ngoài nước...
Đại diện Viện kiểm sát đã đề nghị Hội đồng xét xử khi lượng hình xem xét bị cáo Nguyễn Thị Kim Tiến có các tình tiết giảm nhẹ như thành khẩn khai báo, ăn năn hối cải, tự nguyện nộp lại toàn bộ số tiền hưởng lợi là 7,5 tỷ đồng và nộp 17 tỷ đồng khắc phục một phần hậu quả vụ án...
Với phương châm Đoàn kết - Dân chủ - Kỷ cương - Đột phá - Phát triển, Đại hội đại biểu toàn quốc lần thứ XIV của Đảng xác định tư duy, tầm nhìn, những quyết sách chiến lược để chúng ta vững bước tiến mạnh trong kỷ nguyên mới, thực hiện thắng lợi các mục tiêu phát triển đất nước đến năm 2030 khi Đảng ta tròn 100 năm thành lập (1930 - 2030); hiện thực hoá tầm nhìn phát triển đến năm 2045, kỷ niệm 100 năm thành lập nước Cộng hoà xã hội chủ nghĩa Việt Nam (1945 - 2045).
Tổng số đơn vị bầu cử đại biểu Quốc hội khóa XVI trong cả nước là 182. Số đơn vị bầu cử, danh sách các đơn vị bầu cử và số lượng đại biểu Quốc hội được bầu ở mỗi đơn vị bầu cử của các tỉnh, thành phố được ấn định...
VnEconomy cập nhật giá vàng trong nước & thế giới hôm nay: SJC, 9999, giá vàng USD/oz, biến động giá vàng tăng, giảm - phân tích, dự báo & dữ liệu lịch sử.
Interactive là một sản phẩm báo chí mới của VnEconomy vừa được ra mắt bạn đọc từ đầu tháng 3/2023 đã gây ấn tượng mạnh với độc giả bởi sự mới lạ, độc đáo. Đây cũng là sản phẩm độc quyền chỉ có trên VnEconomy.
Trong kỷ nguyên trí tuệ nhân tạo, đặc biệt là generative AI, phát triển mạnh mẽ, Tạp chí Kinh tế Việt Nam/VnEconomy đã tiên phong ứng dụng công nghê để mang đến trải nghiệm thông tin đột phá với chatbot AI Askonomy...
Thuế đối ứng của Mỹ có ảnh hướng thế nào đến chứng khoán?
Chính sách thuế quan mới của Mỹ, đặc biệt với mức thuế đối ứng 20% áp dụng từ ngày 7/8/2025 (giảm từ 46% sau đàm phán),
                            có tác động đáng kể đến kinh tế Việt Nam do sự phụ thuộc lớn vào xuất khẩu sang Mỹ (chiếm ~30% kim ngạch xuất khẩu).
                            Dưới đây là phân tích ngắn gọn về các ảnh hưởng chính:","Bộ Công an cho rằng mức phạt tiền với một số tội danh chưa phù hợp như các tội trong lĩnh vực sản xuất, kinh doanh, thương mại; các tội trong lĩnh vực thuế, ...",https://premedia.vneconomy.vn/files/uploads/2026/04/20/766054ba9ac041e9a69b105a6aa66189-84443.jpg?w=1200&h=630&mode=crop,2026-05-21T15:12:58
7,"Dòng tiền quá yếu chiều nay đã không thể nâng đỡ giá các cổ phiếu trụ khiến VN-Index tiếp tục lùi sâu hơn lúc đóng cửa, xuống mức 1896,89 điểm. Đây là lần thứ 2 chỉ số đóng cửa để mất mốc 1900, sau 11 phiên trước vượt qua ngưỡng này.
VN-Index đóng cửa giảm 0,85% tương đương 16,34 điểm, yếu hơn
buổi sáng (-0,77%/-14,72 điểm). Tuy nhiên điểm sáng là độ rộng tốt hơn, với 144
mã tăng/152 mã giảm trong khi phiên sáng là 98 mã tăng/188 mã giảm.
Sự khác biệt giữa thay đổi trong độ rộng và điểm số cho thấy
có yếu tố ép trụ. VIC và VCB là hai cổ phiếu lớn suy yếu trong phiên chiều. VIC
biến động nhiễu loạn từ sau 2h15 trở đi – đúng với biểu hiện thường thấy trong
phiên đáo hạn phái sinh – và đóng cửa giảm 3,53% so với tham chiếu. Như vậy riêng
chiều nay VIC giảm thêm 1,26%. VCB chốt phiên vẫn tăng 0,46% nhưng thực tế cũng
suy yếu 1,22% so với mức chốt buổi sáng. BID, GVR, VNM là các blue-chips khá lớn
khác cũng yếu hơn. Thống kê rổ VN30 chiều nay có 10 cổ phiếu tụt giá và 14 mã cải
thiện so với phiên sáng.
Mặc dù VN-Index đóng cửa khá kém, giảm 0,85% nhưng VN30 chỉ
giảm 0,07%, tích cực hơn buổi sáng (-0,16%). Sự ổn định của VN30-Index xuất hiện
tại thời điểm tính giá thanh toán cuối cùng của hợp đồng tương lai chỉ số này. Lực
đỡ đến từ các mã có trọng số tốt như MWG tăng 2,98%, HPG tăng 1,34%, LPB tăng
1,2%, VJC tăng 1,7%, VPB tăng 1,12%. Các cổ phiếu này kéo điểm cho VN-Index kém
hơn nhiều.
Một diễn biến có thể coi là tích cực chiều nay, là khả năng ổn
định mặt bằng giá và duy trì phân hóa trong bối cảnh thanh khoản rất thấp. HoSE
khớp lệnh thêm khoảng 9.509 tỷ đồng, tuy có cải thiện khoảng 18% so với phiên sáng
nhưng vẫn là kém nhất kể từ đầu tháng 5. Tuy vậy độ rộng gần như cân bằng lại
cho thấy giá cổ phiếu không có nhiều biến động lớn, thậm chí là có cải thiện.
Thống kê trong 144 mã xanh có 72 mã tăng trên 1%, nhiều hơn
phiên sáng (51 mã). Số mã đỏ cũng tương đương buổi sáng với 95 mã. Riêng có nhóm
blue-chips là rõ nét, VN30 chốt ngày với 16 mã tăng/14 mã giảm (phiên sáng 11 mã
tăng/13 mã giảm).
Về tổng thể khả năng giữ cân bằng trên nền thanh khoản thấp
phản ánh áp lực bán không mạnh, thậm chí mua đã nỗ lực hơn. Sáng nay thanh khoản
cũng rất kém nhưng độ rộng tệ hơn, cho thấy bên mua yếu. Những mã yếu nhất cuối
phiên cũng vẫn là các đại diện của phiên sáng, nổi bật là nhóm Vin, dầu khí. Những
cổ phiếu tầm trung đáng chú ý khác là GEX giảm 2,78%, NVL giảm 3,77%, DXG giảm
2,35%, VCI giảm 1,4%, GEE giảm 3,73%, VPI giảm 1,8%, HCM giảm 2,36%, POW giảm
2,53%... Những cổ phiếu này đều thanh khoản quanh mức trăm tỷ đồng trở lên. Tổng
giao dịch nhóm yếu nhất này chiếm 32,6% giao dịch sàn HoSE, bớt xấu so với tỷ
trọng 41,5% của phiên sáng.
Nguyên nhân của sự thay đổi trong phân bổ thanh khoản là nhờ
lực cầu giá cao đã tốt hơn, giúp nhiều cổ phiếu đảo chiều thành công hoặc thu hẹp
mức giảm xuống dưới 1%, trở về trạng thái dao động thông thường. Nhóm tăng giá tiếp
tục ghi nhận ấn tượng của PC1 khi buổi chiều còn leo lên giá kịch trần. Cổ phiếu
này có phiên phục hồi tích cực thứ 3 liên tiếp sau chuỗi tuần lao dốc dữ dội. Thanh
khoản của PC1 rất cao với 541,9 tỷ đồng, xác nhận sức mạnh chủ động từ bên mua.
Ngoài các blue-chips VN30 kể trên, VIX tăng 1,6%, PET tăng 2,2%, KBC tăng 2,1%,
DCL tăng 1,58%, BVH tăng 2,41%, NKG tăng 1,11%, HSG tăng 2,09%... cũng có thanh
khoản tốt.
Khối ngoại phiên chiều đã mua vào tích cực hơn, quy mô giải
ngân mới trên HoSE đạt gần 1.478 tỷ đồng, tăng 163% so với phiên sáng. Tuy vậy
vị thế ròng vẫn là -214 tỷ đồng, nâng tổng giá trị bán ròng cả ngày lên 1.685 tỷ
đồng, cao nhất kể từ đầu tháng 5. Các cổ phiếu bị bán chính vẫn là VIC -517,3 tỷ,
FPT -317,1 tỷ, MBB -174,2 tỷ, VHM -140,3 tỷ, ACB -132,4 tỷ, TCB -97,5 tỷ, VNM
-87,7 tỷ. Phía mua ròng có VPB +283,3 tỷ, VCB +163,6 tỷ, LPB +62,5 tỷ, MSB
+50,4 tỷ.
Công ty Chứng khoán Vietcombank (VCBS) vừa được chấp thuận tăng vốn điều lệ lên 8.500 tỷ đồng nhằm nâng cao năng lực tài chính, mở rộng quy mô hoạt động và đầu tư mạnh hơn cho nền tảng công nghệ trong giai đoạn tới.
Dù định giá hiện tại thấp hơn trung bình 5 năm nhưng động lực tăng trưởng 2026 suy yếu trước áp lực NIM thu hẹp và trích lập dự phòng khi rủi ro suy giảm chất lượng tài sản gia tăng, khiến tiềm năng ngắn hạn của nhóm Ngân hàng vẫn khá hạn chế.
Nhóm cổ phiếu dẫn dắt đà phục hồi chiều qua đồng loạt quay đầu sáng nay, nhất là cổ phiếu dầu khí. Giá dầu đột ngột giảm mạnh sau những thông tin tích cực từ tuyến vận tải qua eo biển Hormuz cũng như khả năng duy trì đàm phán Trung Động đã khiến đà phục hồi của cổ phiếu dầu khí suy yếu.
Theo kế hoạch kinh doanh năm 2026 của 928 doanh nghiệp đã công bố đại diện 87,2% vốn hóa toàn thị trường, tổng lợi nhuận sau thuế được dự kiến tăng khoảng +14,1%, thấp hơn đáng kể so với mức +32,2% của 2025.
Việc đặt ra mục tiêu tự do tài chính nhanh là chính đáng, nhưng điều cần quan tâm là bản thân chúng ta có phù hợp hay không để đạt được mục tiêu đó.
Với phương châm Đoàn kết - Dân chủ - Kỷ cương - Đột phá - Phát triển, Đại hội đại biểu toàn quốc lần thứ XIV của Đảng xác định tư duy, tầm nhìn, những quyết sách chiến lược để chúng ta vững bước tiến mạnh trong kỷ nguyên mới, thực hiện thắng lợi các mục tiêu phát triển đất nước đến năm 2030 khi Đảng ta tròn 100 năm thành lập (1930 - 2030); hiện thực hoá tầm nhìn phát triển đến năm 2045, kỷ niệm 100 năm thành lập nước Cộng hoà xã hội chủ nghĩa Việt Nam (1945 - 2045).
Tổng số đơn vị bầu cử đại biểu Quốc hội khóa XVI trong cả nước là 182. Số đơn vị bầu cử, danh sách các đơn vị bầu cử và số lượng đại biểu Quốc hội được bầu ở mỗi đơn vị bầu cử của các tỉnh, thành phố được ấn định...
VnEconomy cập nhật giá vàng trong nước & thế giới hôm nay: SJC, 9999, giá vàng USD/oz, biến động giá vàng tăng, giảm - phân tích, dự báo & dữ liệu lịch sử.
Interactive là một sản phẩm báo chí mới của VnEconomy vừa được ra mắt bạn đọc từ đầu tháng 3/2023 đã gây ấn tượng mạnh với độc giả bởi sự mới lạ, độc đáo. Đây cũng là sản phẩm độc quyền chỉ có trên VnEconomy.
Trong kỷ nguyên trí tuệ nhân tạo, đặc biệt là generative AI, phát triển mạnh mẽ, Tạp chí Kinh tế Việt Nam/VnEconomy đã tiên phong ứng dụng công nghê để mang đến trải nghiệm thông tin đột phá với chatbot AI Askonomy...
Thuế đối ứng của Mỹ có ảnh hướng thế nào đến chứng khoán?
Chính sách thuế quan mới của Mỹ, đặc biệt với mức thuế đối ứng 20% áp dụng từ ngày 7/8/2025 (giảm từ 46% sau đàm phán),
                            có tác động đáng kể đến kinh tế Việt Nam do sự phụ thuộc lớn vào xuất khẩu sang Mỹ (chiếm ~30% kim ngạch xuất khẩu).
                            Dưới đây là phân tích ngắn gọn về các ảnh hưởng chính:","Dòng tiền quá yếu chiều nay đã không thể nâng đỡ giá các cổ phiếu trụ khiến VN-Index tiếp tục lùi sâu hơn lúc đóng cửa, xuống mức 1896,89 điểm. Đây là lần th...",https://premedia.vneconomy.vn/files/uploads/2026/05/21/e05ae6fedbb441e8b65df8d55aec158b-91590.png?w=1200&h=630&mode=crop,2026-05-21T15:12:58
8,"Nhóm cổ phiếu dẫn dắt đà phục hồi chiều qua đồng loạt quay đầu sáng nay, nhất là cổ phiếu dầu khí. Giá dầu đột ngột giảm mạnh sau những thông tin tích cực từ tuyến vận tải qua eo biển Hormuz cũng như khả năng duy trì đàm phán Trung Động đã khiến đà phục hồi của cổ phiếu dầu khí suy yếu.
VN-Index mất đi sức mạnh đáng kể từ các cổ phiếu dầu khí, cộng
thêm VIC, VHM đồng loạt giảm sâu, tương ứng -2,29% và -1,13%. Chỉ số kết phiên
sáng để mất 14,72 điểm tương đương -0,77% so với tham chiếu.
Giá dầu thế giới đêm qua lao dốc hơn 5% sau khi Tổng thống
Donald Trump thông báo “chúng tôi đang ở giai đoạn cuối cùng của cuộc đàm phán
hòa bình với Iran”. Không chỉ vậy, thông tin 3 siêu tàu dầu chở tổng cộng 6 triệu
thùng dầu thô Trung Đông đã đi qua eo biển Hormuz vào ngày 20/5, sau hơn 2
tháng mắc kẹt trong vùng Vịnh cũng khiến mối lo ngại giảm xuống.
Thị trường vừa mở cửa sáng nay các cổ phiếu dầu khí đã đồng
loạt giảm. Mức giảm ban đầu chưa mạnh nhưng càng về sau càng nhanh. GAS chốt
phiên sáng giảm 2,68%, BSR giảm 3,62%, PLX giảm 2,62%. Các cổ phiếu nhỏ hơn hoặc
có liên quan đến giá dầu cũng chịu chung tác động: PVD giảm 4,19%, PVT giảm
2,53%, PVS giảm 1,7%, PVC giảm 1,25%, DCM giảm 2,25%, DPM giảm 2,61%, HRC giảm
6,96%, DPR giảm 1,22%, GVR giảm 2,93%...
Chỉ 4 cổ phiếu là VIC, VHM, GAS, BSR đã khiến VN-Index mất
hơn 12 điểm. Trong khi đó nhóm ngân hàng đã không thể duy trì sức mạnh để cân bằng
lại. VCB tăng 1,7%, LPB tăng 2,1% là duy nhất đáng kể trong nhóm blue-chips. Thậm
chí toàn nhóm ngân hàng cũng chỉ có 10/27 mã xanh, đại đa số tăng rất ít.
Rổ VN30 kết phiên sáng với 11 mã tăng và 13 mã giảm, tương
quan độ rộng không quá tệ nhưng sức mạnh giá lại đuối. Ngoài hai mã ngân hàng,
chỉ thêm HPG tăng 1,34% và MWG tăng 1,3% là tốt. Phía đỏ có tới 9 mã giảm quá
1%. VN30-Index đang giảm 0,16% với thanh khoản tụt tới 27% so với sáng hôm qua,
còn 5.060 tỷ đồng, thấp nhất 7 phiên trở lại đây.
Độ rộng toàn sàn HoSE cũng kém tích cực với 98 mã tăng và
188 mã giảm. Phiên phục hồi nhờ trụ chiều qua vẫn còn cả trăm cổ phiếu sụt giảm
mạnh và sáng nay khi các trụ đuối sức, động lực phục hồi càng khó khăn hơn. Toàn
nhóm tăng hiện chỉ có chừng 10 cổ phiếu có sức mạnh nổi bật, giá tăng hơn 1% với
thanh khoản tối thiểu 10 tỷ đồng. Ngoài VCB, HPG, MWG, đáng kể chỉ xuất hiện thêm
VIX tăng 1,06% với 283,6 tỷ; PC1 tăng 3,68% với 259,4 tỷ; PET tăng 2,73% với
115,3 tỷ; GEL tăng 1,1% với 54 tỷ; DCL tăng 2,37% với 46,6 tỷ; CRC tăng 2,82% với
11,6 tỷ.
Ở phía giảm giá, tình hình cũng khá “bi đát” với gần trăm mã
đang rơi hơn 1%. Tổng thanh khoản nhóm này chiếm 41,5% giá trị khớp lệnh cả sàn
HoSE, cho thấy xu hướng bán dưới tham chiếu vẫn đang áp đảo. Một điểm đáng chú ý
là biên độ dao động giảm tối đa của rất nhiều cổ phiếu nhóm này đều lớn hơn biên
độ giảm so với tham chiếu. Nói cách khác, giá đã có hiện tượng đảo chiều sau ít
phút mở cửa còn tích cực.
Điểm đáng chú ý nữa là thanh khoản sàn HoSE đang ghi nhận giảm
mạnh 33% so với sáng hôm qua, chỉ khớp thành công gần 8.072 tỷ đồng, thấp kỷ lục
15 phiên. Kết hợp với diễn biến giá suy yếu dần, thị trường đang có tín hiệu
thiếu cầu rõ rệt. Những nỗ lực bắt đáy chiều qua đã không thể duy trì thêm, bất
chấp chứng khoán thế giới có một phiên phản ứng rất tốt với triển vọng hòa bình
Trung Đông.
Nhà đầu tư nước ngoài cũng có một phiên tiết chế giải ngân
khá bất ngờ. Tổng giá trị mua vào cổ phiếu sàn HoSE chỉ là 562,2 tỷ đồng, thấp
chưa từng thấy kể từ đầu tháng 12 năm ngoái. Trong khi đó giá trị bán ra lại lên
cao nhất 5 tuần, khiến vị thế ròng đạt -1.471 tỷ đồng. Loạt cổ phiếu bị xả lớn
nhất là VIC -353,8 tỷ, FPT -247 tỷ, VHM -146,5 tỷ, MBB -95,7 tỷ. Phía mua ròng
duy nhất VCB +74,8 tỷ và LPB +24,9 tỷ là đáng kể.
VN-Index chốt phiên sáng một lần nữa để mất mốc 1900 điểm, rơi
xuống 1898,51 điểm. Ảnh hưởng của trụ dĩ nhiên là rõ nét, nhưng thực tế đa số cổ
phiếu suốt hai tuần này cũng không tăng được. Tuy chỉ số vẫn chưa rõ “số phận” giai
đoạn này, nhưng cổ phiếu thì đã phân phối và giảm trên diện rộng.
Công ty Chứng khoán Vietcombank (VCBS) vừa được chấp thuận tăng vốn điều lệ lên 8.500 tỷ đồng nhằm nâng cao năng lực tài chính, mở rộng quy mô hoạt động và đầu tư mạnh hơn cho nền tảng công nghệ trong giai đoạn tới.
Dòng tiền quá yếu chiều nay đã không thể nâng đỡ giá các cổ phiếu trụ khiến VN-Index tiếp tục lùi sâu hơn lúc đóng cửa, xuống mức 1896,89 điểm. Đây là lần thứ 2 chỉ số đóng cửa để mất mốc 1900, sau 11 phiên trước vượt qua ngưỡng này.
Dù định giá hiện tại thấp hơn trung bình 5 năm nhưng động lực tăng trưởng 2026 suy yếu trước áp lực NIM thu hẹp và trích lập dự phòng khi rủi ro suy giảm chất lượng tài sản gia tăng, khiến tiềm năng ngắn hạn của nhóm Ngân hàng vẫn khá hạn chế.
Theo kế hoạch kinh doanh năm 2026 của 928 doanh nghiệp đã công bố đại diện 87,2% vốn hóa toàn thị trường, tổng lợi nhuận sau thuế được dự kiến tăng khoảng +14,1%, thấp hơn đáng kể so với mức +32,2% của 2025.
Việc đặt ra mục tiêu tự do tài chính nhanh là chính đáng, nhưng điều cần quan tâm là bản thân chúng ta có phù hợp hay không để đạt được mục tiêu đó.
Với phương châm Đoàn kết - Dân chủ - Kỷ cương - Đột phá - Phát triển, Đại hội đại biểu toàn quốc lần thứ XIV của Đảng xác định tư duy, tầm nhìn, những quyết sách chiến lược để chúng ta vững bước tiến mạnh trong kỷ nguyên mới, thực hiện thắng lợi các mục tiêu phát triển đất nước đến năm 2030 khi Đảng ta tròn 100 năm thành lập (1930 - 2030); hiện thực hoá tầm nhìn phát triển đến năm 2045, kỷ niệm 100 năm thành lập nước Cộng hoà xã hội chủ nghĩa Việt Nam (1945 - 2045).
Tổng số đơn vị bầu cử đại biểu Quốc hội khóa XVI trong cả nước là 182. Số đơn vị bầu cử, danh sách các đơn vị bầu cử và số lượng đại biểu Quốc hội được bầu ở mỗi đơn vị bầu cử của các tỉnh, thành phố được ấn định...
VnEconomy cập nhật giá vàng trong nước & thế giới hôm nay: SJC, 9999, giá vàng USD/oz, biến động giá vàng tăng, giảm - phân tích, dự báo & dữ liệu lịch sử.
Interactive là một sản phẩm báo chí mới của VnEconomy vừa được ra mắt bạn đọc từ đầu tháng 3/2023 đã gây ấn tượng mạnh với độc giả bởi sự mới lạ, độc đáo. Đây cũng là sản phẩm độc quyền chỉ có trên VnEconomy.
Trong kỷ nguyên trí tuệ nhân tạo, đặc biệt là generative AI, phát triển mạnh mẽ, Tạp chí Kinh tế Việt Nam/VnEconomy đã tiên phong ứng dụng công nghê để mang đến trải nghiệm thông tin đột phá với chatbot AI Askonomy...
Thuế đối ứng của Mỹ có ảnh hướng thế nào đến chứng khoán?
Chính sách thuế quan mới của Mỹ, đặc biệt với mức thuế đối ứng 20% áp dụng từ ngày 7/8/2025 (giảm từ 46% sau đàm phán),
                            có tác động đáng kể đến kinh tế Việt Nam do sự phụ thuộc lớn vào xuất khẩu sang Mỹ (chiếm ~30% kim ngạch xuất khẩu).
                            Dưới đây là phân tích ngắn gọn về các ảnh hưởng chính:","Nhóm cổ phiếu dẫn dắt đà phục hồi chiều qua đồng loạt quay đầu sáng nay, nhất là cổ phiếu dầu khí. Giá dầu đột ngột giảm mạnh sau những thông tin tích cực từ...",https://premedia.vneconomy.vn/files/uploads/2026/05/21/7a41abb128954b8995d640fdcfee22df-91519.png?w=1200&h=630&mode=crop,2026-05-21T15:12:58
9,"VnEconomy giới thiệu nhận định và khuyến nghị đầu tư của một số công ty chứng khoán về diễn biến thị trường ngày 21/5/2026
Kết phiên VN-Index tăng 0,3 điểm, tương đương 0,02% lên mốc 1913,23 điểm. Cùng chiều, Hnx-Index tăng 1,83 điểm, tương đương 0,71% lên 261,33 điểm.
VN-Index tiếp tục duy trì dao động ở vùng đỉnh cũ nhờ sự hỗ trợ của trụ
(Công ty Cổ phần Chứng khoán Bảo Việt – BVSC)
“VN-Index tiếp tục duy trì dao động ở vùng đỉnh cũ nhờ sự hỗ trợ của nhóm vốn hóa lớn. Tuy nhiên, các nhịp rung lắc mạnh trong phiên đang xuất hiện nhiều hơn khi dòng tiền có dấu hiệu luân chuyển nhanh qua các nhóm cổ phiếu. Diễn biến này tiềm ẩn rủi ro điều chỉnh mạnh cho thị trường trong bối cảnh có thông tin kém tích cực xuất hiện hoặc rủi ro điều chỉnh của nhóm vốn hóa lớn.
VN-Index tiếp tục nhận được sự hỗ trợ quan trọng từ vùng 1865-1875 điểm, đây cũng là ngưỡng báo hiệu sớm cho khả năng hình thành các nhịp rung rũ mạnh hơn của thị trường sau giai đoạn tăng kéo dài trước đó.
Nhà đầu tư chủ động chốt lời từng phần các vị thế ngắn hạn để cơ cấu tỷ trọng tiền mặt/cổ phiếu lên mức tối thiểu 50%. Hạn chế mở mua mới ở các thời điểm thị trường tăng điểm”.
Xu hướng rung lắc tại vùng đỉnh cũ vẫn chưa có dấu hiệu kết thúc
(Công ty Cổ phần Chứng khoán Ngân hàng Đầu tư và Phát triển Việt Nam - BSC)
""VN-Index giảm từ lúc mở cửa phiên sáng. Khi xuống đến ngưỡng 1859, lực cầu bắt đáy tại đây đã đẩy chỉ số hồi phục trong phiên chiều và đóng cửa tại mốc 1913,23 điểm, gần như không thay đổi so với hôm qua. Độ rộng thị trường nghiêng về phía tiêu cực với 11/18 ngành giảm điểm, trong đó ngành Ô tô & phụ tùng giảm mạnh nhất, theo sau là ngành Hàng & dịch vụ công nghiệp. Ở chiều ngược lại, ngành Công nghệ thông tin, Dầu khí… có phiên giao dịch tích cực. Về giao dịch của khối ngoại, khối này bán ròng trên sàn HSX và mua ròng trên hai sàn HNX và UPCOM. Xu hướng rung lắc tại vùng đỉnh cũ vẫn chưa có dấu hiệu kết thúc; nhà đầu tư tiếp tục giữ tâm thế cẩn trọng khi giao dịch trong giai đoạn này”.
Xu hướng ngắn hạn của VN-Index vẫn duy trì tăng trưởng trên vùng hỗ trợ tâm lý 1900 điểm
(Công ty Cổ phần Chứng khoán Sài Gòn - Hà Nội - SHS)
""Xu hướng ngắn hạn của VN-Index vẫn duy trì tăng trưởng trên vùng hỗ trợ tâm lý 1900 điểm. VN-Index sau giai đoạn tăng giá mạnh 08 tuần liên tiếp từ vùng đáy quanh 1.600 điểm lên vùng giá quanh 1930 điểm đang có rủi ro tạo đỉnh, kết thúc giai đoạn tăng giá mạnh. VN-Index đã chịu áp lực bán, rung lắc rất mạnh kiểm tra lại vùng đỉnh cũ tháng 01, 02/2026. Trong khi xu hướng của VN30 đang suy yếu hơn và chỉ tích cực trở lại nếu vượt lên vùng kháng cự quanh 2050 điểm
Xu hướng tăng trưởng của VN-Index vẫn duy trì dưới ảnh hưởng xoay vòng giữ nhịp của các cổ phiếu vốn hóa lớn. Tuy nhiên chất lượng thị trường đang suy yếu. Nhiều vị thế ngắn hạn thua lỗ, dẫn đến áp lực bán mạnh đột biến ở nhiều nhóm mã trong phiên hôm nay. Trong khi đó điểm sáng trong thị trường chỉ tập trung ở số ít mã đầu ngành ở các nhóm ngành đang vượt trội so với thị trường chung là năng lượng, cao su thiên nhiên và kỳ vọng vùng đáy trung hạn ở nhóm công nghệ. Nhà đầu tư nếu duy trì tỉ trọng cao, danh mục mở rộng cần tiếp tục kiểm soát rủi ro. Cơ cấu danh mục ngắn hạn sang các mã, nhóm mã chất lượng tốt.
Nhà đầu tư duy trì tỉ trọng hợp lý. Mục tiêu đầu tư hướng tới các mã có nền tảng cơ bản tốt, đầu ngành trong các ngành chiến lược, tăng trưởng vượt trội của nền kinh tế"".
Thận trọng đối với diễn biến của VN-Index với mục tiêu quanh 1850 khi sự rung lắc vẫn có thể tiếp diễn trong các phiên tới
(Công ty Cổ phần Chứng khoán Thiên Việt - TVS)
“Chỉ số VN-Index tăng 0,3 điểm (+0,02%), đóng cửa tại mức 1913,23 điểm. Chỉ số biến động mạnh và chia làm 2 giai đoạn chính. Mức giảm mạnh từ đầu phiên sáng cho đến đầu phiên chiều khi áp lực bán diễn ra tại hầu hết các nhóm cổ phiếu. Thị trường hồi phục mạnh sau đó về tham chiếu nhờ lực kéo chủ yếu tại các cổ phiếu vốn hóa lớn của các nhóm Vingroup và nhóm Dầu khí.
Giá trị thanh khoản phiên hôm nay tiếp tục tăng mạnh, cao hơn 20% so với bình quân GTGD 20 phiên gần đây.
Chúng tôi duy trì quan điểm thận trọng đối với diễn biến của VN-Index với mục tiêu quanh 1850 khi sự rung lắc vẫn có thể tiếp diễn trong các phiên tới. Cấu trúc thị trường hôm nay vẫn nghiêng về phía tiêu cực khi đa số cổ phiếu trên sàn HSX giảm điểm. Chúng tôi cũng cho rằng thanh khoản thị trường sẽ giảm trở lại trong các phiên tới khi tâm lý của NĐT chịu ảnh hưởng tiêu cực với biến động mạnh của VN-Index. Về kỹ thuật, VN-Index rung lắc mạnh với thanh khoản tăng và RSI phân kỳ âm cho thấy khả năng điều chỉnh tại vùng đỉnh này vẫn ở mức cao. Do đó, nhà đầu tư nên duy trì tỷ trọng cổ phiếu ở mức an toàn và tạm thời không nên mở mua mới cho đến khi VN-Index tìm được điểm cân bằng”.
Chỉ số VN-Index có thể hướng lên vùng 1950-1970 điểm sau khi kết thúc quá trình tích lũy
(Công ty Chứng khoán Yuanta Việt Nam – YSVN)
“Trong phiên giao dịch gần nhất, chỉ số VN-Index có phiên biến động với biên độ rộng hơn và thanh khoản gia tăng. Tuy nhiên, chỉ số vẫn được MA20 ngày. Đồng thời, đồ thị giá đang trong nhịp tích lũy trở lại sau nhịp tăng mạnh vừa qua và đây vẫn là nhịp điều chỉnh tích cực trong xu hướng tăng. Theo đó, chỉ số có thể hướng lên vùng 1950-1970 điểm sau khi kết thúc quá trình tích lũy.
Chiến lược ngắn hạn (dưới 1 tháng): Nhà đầu tư có thể dừng bán và xem xét mua thăm dò những cổ phiếu đang quay lại xu hướng tăng như Công nghệ thông tin”.
Cần chú ý diễn biến tăng giảm đan xen để VN-Index củng cố động lực và cân bằng ở khu vực 1900-1920
(Công ty TNHH Chứng khoán Ngân hàng TMCP Ngoại thương Việt Nam - VCBS)
“VN-Index kết phiên với nến tương tự Dragonfly doji với bóng nến dưới dài thể hiện biến động mạnh của thị trường.
Ở khung đồ thị ngày, chỉ báo CMF vẫn neo ở vùng cao cho thấy lực cầu chủ động vẫn duy trì tốt trên thị trường. Tuy nhiên, đường +/-DI đang vận động đan xen nên cần chú ý diễn biến tăng giảm đan xen để củng cố động lực và cân bằng ở khu vực 1900-1920.
Ở khung đồ thị giờ, chỉ số vượt lên dải mây xanh Ichimoku, cùng với việc chỉ báo MACD và RSI tạo đáy hướng lên cho thấy sự xuất hiện của lực cầu ở vùng giá thấp. Tuy nhiên, chỉ số đang tiệm cận đường MA20 nên khả năng xảy ra giằng co, rung lắc khi chỉ số đi qua khu vực này là điều khó tránh.
Thị trường ghi nhận phiên giao dịch biến động biên độ rộng với thanh khoản tăng mạnh và cao nhất so với 20 phiên liền kề. Nhiều cổ phiếu/nhóm ngành đã phục hồi lại ấn tượng ngay trong phiên sau khi giảm điểm mạnh 4-5%. Chúng tôi khuyến nghị nhà đầu tư chọn lọc cổ phiếu thuộc nhóm ngành ghi nhận sự hồi phục bứt phá với lực cầu lớn trong phiên và cân nhắc giải ngân từng phần khi thị trường có tín hiệu cân bằng trong các phiên tới”.
Quá trình rung lắc có thể tiếp diễn nhằm củng cố nền giá hiện tại bền vững hơn
(Công ty Cổ phần Chứng khoán SSI – SSI)
“Vượt qua nhịp biến động mạnh trong phiên, VN-Index tiếp tục bảo toàn xu hướng Tăng ngắn hạn trên khu vực hỗ trợ quan trọng 1880 – 1900. Quá trình rung lắc có thể tiếp diễn nhằm củng cố nền giá hiện tại bền vững hơn. Chiều ngược lại, khu vực 1920 – 1960 vẫn là kháng cự gần của chỉ số”.
Nhận định thị trường của các công ty chứng khoán được VnEconomy trích dẫn chỉ có giá trị như một nguồn thông tin tham khảo. Các công ty chứng khoán có thể có những xung đột lợi ích đối với các nhà đầu tư khi đưa ra nhận định.
Thanh khoản ba sàn hôm nay giảm xuống dưới 22.000 tỷ đồng, phản ánh tâm lý giao dịch thận trọng. Đáng chú ý, khối ngoại bất ngờ bán ròng mạnh 1.700 tỷ đồng, tính riêng giao dịch khớp lệnh thì họ bán ròng 1.996,7 tỷ đồng.
Công ty Chứng khoán Vietcombank (VCBS) vừa được chấp thuận tăng vốn điều lệ lên 8.500 tỷ đồng nhằm nâng cao năng lực tài chính, mở rộng quy mô hoạt động và đầu tư mạnh hơn cho nền tảng công nghệ trong giai đoạn tới.
Dòng tiền quá yếu chiều nay đã không thể nâng đỡ giá các cổ phiếu trụ khiến VN-Index tiếp tục lùi sâu hơn lúc đóng cửa, xuống mức 1896,89 điểm. Đây là lần thứ 2 chỉ số đóng cửa để mất mốc 1900, sau 11 phiên trước vượt qua ngưỡng này.
Dù định giá hiện tại thấp hơn trung bình 5 năm nhưng động lực tăng trưởng 2026 suy yếu trước áp lực NIM thu hẹp và trích lập dự phòng khi rủi ro suy giảm chất lượng tài sản gia tăng, khiến tiềm năng ngắn hạn của nhóm Ngân hàng vẫn khá hạn chế.
Nhóm cổ phiếu dẫn dắt đà phục hồi chiều qua đồng loạt quay đầu sáng nay, nhất là cổ phiếu dầu khí. Giá dầu đột ngột giảm mạnh sau những thông tin tích cực từ tuyến vận tải qua eo biển Hormuz cũng như khả năng duy trì đàm phán Trung Động đã khiến đà phục hồi của cổ phiếu dầu khí suy yếu.
Với phương châm Đoàn kết - Dân chủ - Kỷ cương - Đột phá - Phát triển, Đại hội đại biểu toàn quốc lần thứ XIV của Đảng xác định tư duy, tầm nhìn, những quyết sách chiến lược để chúng ta vững bước tiến mạnh trong kỷ nguyên mới, thực hiện thắng lợi các mục tiêu phát triển đất nước đến năm 2030 khi Đảng ta tròn 100 năm thành lập (1930 - 2030); hiện thực hoá tầm nhìn phát triển đến năm 2045, kỷ niệm 100 năm thành lập nước Cộng hoà xã hội chủ nghĩa Việt Nam (1945 - 2045).
Tổng số đơn vị bầu cử đại biểu Quốc hội khóa XVI trong cả nước là 182. Số đơn vị bầu cử, danh sách các đơn vị bầu cử và số lượng đại biểu Quốc hội được bầu ở mỗi đơn vị bầu cử của các tỉnh, thành phố được ấn định...
VnEconomy cập nhật giá vàng trong nước & thế giới hôm nay: SJC, 9999, giá vàng USD/oz, biến động giá vàng tăng, giảm - phân tích, dự báo & dữ liệu lịch sử.
Interactive là một sản phẩm báo chí mới của VnEconomy vừa được ra mắt bạn đọc từ đầu tháng 3/2023 đã gây ấn tượng mạnh với độc giả bởi sự mới lạ, độc đáo. Đây cũng là sản phẩm độc quyền chỉ có trên VnEconomy.
Trong kỷ nguyên trí tuệ nhân tạo, đặc biệt là generative AI, phát triển mạnh mẽ, Tạp chí Kinh tế Việt Nam/VnEconomy đã tiên phong ứng dụng công nghê để mang đến trải nghiệm thông tin đột phá với chatbot AI Askonomy...
Thuế đối ứng của Mỹ có ảnh hướng thế nào đến chứng khoán?
Chính sách thuế quan mới của Mỹ, đặc biệt với mức thuế đối ứng 20% áp dụng từ ngày 7/8/2025 (giảm từ 46% sau đàm phán),
                            có tác động đáng kể đến kinh tế Việt Nam do sự phụ thuộc lớn vào xuất khẩu sang Mỹ (chiếm ~30% kim ngạch xuất khẩu).
                            Dưới đây là phân tích ngắn gọn về các ảnh hưởng chính:",VnEconomy giới thiệu nhận định và khuyến nghị đầu tư của một số công ty chứng khoán về diễn biến thị trường ngày 21/5/2026,https://premedia.vneconomy.vn/files/uploads/2026/05/20/ace72718648649d393b2b4635bc19a15-91323.gif,2026-05-21T15:12:59
10,"Việc đặt ra mục tiêu tự do tài chính nhanh là chính đáng, nhưng điều cần quan tâm là bản thân chúng ta có phù hợp hay không để đạt được mục tiêu đó.
Hoạt động quản lý tài sản, tài chính đang ngày càng được quan tâm. Ai cũng mong muốn sớm có được sự tự do về tài chính, tài sản…Tuy nhiên, để có được sự tự do về tài chính là điều không phải ai cũng thực hiện được ngay lập tức, và có thể đó sẽ là một quá trình kéo dài, tùy thuộc vào quan điểm về mức độ tự do tài chính của mỗi người.
Song thực tế cũng cho thấy, việc nghĩ quá nhiều về tự do tài chính cũng đang tạo ra áp lực lớn và làm ảnh hưởng đến sức khỏe tinh thần của không ít người, như việc lo không biết bao giờ mới có đủ số tiền mong muốn, không biết bao giờ mới mua được nhà, được xe, hay làm sao để nghỉ hưu sớm…
Vậy làm thế nào để vừa tự do tài chính, tài sản mà lại không bị ảnh hưởng đến sức khỏe tinh thần?
Chia sẻ kinh nghiệm trong chương trình The Wealth Box Talk mới đây, ông Nguyễn Thế Minh, Giám đốc Khối Ngân hàng Đầu tư kiêm Phó Giám đốc Khối Kinh doanh Chứng khoán, Công ty Cổ phần Chứng khoán An Bình (ABS) cho rằng, đầu tiên cần làm rõ hai khái niệm về độc lập tài chính và tự do tài chính.
Độc lập tài chính có nghĩa là bạn có thể đưa ra quyết định lối sống của bạn mà không phải lệ thuộc vào tài chính, còn tự do tài chính sẽ mang nghĩa rộng hơn, tức là bạn không những chỉ dừng lại ở mức tài chính đủ để sống mà còn có khả năng sở hữu và làm những điều mình thích theo đúng phong cách cá nhân của mình.
Mức độ quản lý tài sản hiện nay vẫn còn rất sơ khai, đặc biệt trong tư duy phần lớn của người dân Việt Nam. Nguồn tài sản phân bổ phần lớn và tích lũy chủ yếu các kênh truyền thống như bất động sản, vàng và tiết kiệm. Trong khi đó, các kênh rủi ro cao hơn như chứng khoán thì người dân có tài khoản chứng khoán đã hơn 11 triệu tài khoản nhưng mức độ hiểu biết vẫn còn ít và phần lớn nhiều người vẫn xem đây là kênh kiếm tiền nhanh.
Nhìn chung, Việt Nam đang ở giai đoạn chuyển tiếp từ tiết kiệm phòng thân sang giai đoạn đầu tư sinh lời, nhưng vẫn chưa đến được tầng quản lý tài sản. Có đến 74% nhà đầu tư kỳ vọng thu nhập đạt mức 100 triệu - 500 triệu đồng mỗi năm.
Tại các nước trong khu vực Đông Nam Á như Thái Lan và Singapore, là hai quốc gia rất phát triển về mô hình quản lý tài sản. Đồng thời, lịch sử phát triển kinh tế cũng như các thị trường tài chính của hai quốc gia này đã có từ lâu, điều này cho thấy lịch sử lâu đời cũng ảnh hưởng rất nhiều đến tư duy quản lý tài sản.
Việc đặt ra mục tiêu tự do tài chính nhanh là chính đáng, nhưng điều cần quan tâm là bản thân chúng ta có phù hợp hay không để đạt được mục tiêu đó.
Hiện nay trong xã hội, các bạn trẻ đang bị ảnh hưởng bởi nhiều cạm bẫy và chịu nhiều áp lực từ bẫy so sánh trên mạng xã hội, bẫy hình thức hay bẫy lợi nhuận phi thực tế. Mà thật ra có bao giờ chúng ta tự đặt ra câu hỏi là liệu chúng ta có phù hợp với mục tiêu đó hay không?
Trong thị trường tài chính, luôn có mô hình kinh điển là rủi ro cao, lợi nhuận cao. Do đó, trước khi chúng ta đặt ra vấn đề mục tiêu tự do tài chính nhanh thì cần đặt ra vấn đề khi nào chúng ta bắt đầu? Quy mô vốn của chúng ta hiện nay là bao nhiêu? Thời gian đạt mục tiêu mong muốn? Và cuối cùng khả năng chịu đựng rủi ro như thế nào?
Theo khảo sát năm 2025 của Deloitte được thực hiện với hơn 23.000 người tại 44 quốc gia cho biết tỷ lệ Gen Z cảm thấy bất an tài chính tăng từ 30% lên 48%, mức tăng này cũng diễn ra ở nhóm Millenial từ 32% lên 46%. Số liệu này cũng cho thấy động lực lớn và ngày càng nhiều mong muốn được tự do tài chính.
Để tự do tài chính, ông Minh cho rằng điều đầu tiên là mọi người nên đánh giá lại sơ bộ về tình hình tài chính cá nhân của mình và giảm tốc độ hoặc ngừng chi vào các chi tiêu không cần thiết.
Đồng thời, nên tìm kiếm đến các chuyên gia tư vấn tài chính tại các công ty chứng khoán hoặc các nhà quản lý quỹ để được đưa ra các giải pháp cũng như lên kế hoạch tài chính.
Về xu hướng quản lý tài sản, theo dự báo của PwC, quy mô tài sản quản lý đạt mức tăng trưởng kép 6,2%, riêng tại khu vực châu Á là 6,8% trong giai đoạn 2026 - 2030. Còn tại Việt Nam, theo McKinsey, mảng quản lý tài chính cá nhân tại Việt Nam được dự báo có thể đạt mức 600 tỷ USD trong năm 2027 và đạt mức tăng trưởng kép 32% trong giai đoạn 2026 – 2030, từ dự báo của báo cáo Allied Market Research cho thấy tiềm năng tăng trưởng của mảng quản lý tài sản vẫn còn rất lớn.
Đồng thời, các yếu tố vĩ mô thuận lợi, đặc biệt động lực tăng trưởng hai con số trong giai đoạn 2026 - 2030 là yếu tố thúc đẩy gia tăng nhu cầu quản lý tài sản. Ngoài ra, theo báo cáo PwC, dự báo có đến 55% tầng lớp trung lưu tại Việt Nam đến năm 2030. ""Do đó, tôi tin tưởng vào tăng trưởng cao của mảng quản lý tài sản tại Việt Nam"", ông Minh nhấn mạnh.
Công ty Chứng khoán Vietcombank (VCBS) vừa được chấp thuận tăng vốn điều lệ lên 8.500 tỷ đồng nhằm nâng cao năng lực tài chính, mở rộng quy mô hoạt động và đầu tư mạnh hơn cho nền tảng công nghệ trong giai đoạn tới.
Dòng tiền quá yếu chiều nay đã không thể nâng đỡ giá các cổ phiếu trụ khiến VN-Index tiếp tục lùi sâu hơn lúc đóng cửa, xuống mức 1896,89 điểm. Đây là lần thứ 2 chỉ số đóng cửa để mất mốc 1900, sau 11 phiên trước vượt qua ngưỡng này.
Dù định giá hiện tại thấp hơn trung bình 5 năm nhưng động lực tăng trưởng 2026 suy yếu trước áp lực NIM thu hẹp và trích lập dự phòng khi rủi ro suy giảm chất lượng tài sản gia tăng, khiến tiềm năng ngắn hạn của nhóm Ngân hàng vẫn khá hạn chế.
Nhóm cổ phiếu dẫn dắt đà phục hồi chiều qua đồng loạt quay đầu sáng nay, nhất là cổ phiếu dầu khí. Giá dầu đột ngột giảm mạnh sau những thông tin tích cực từ tuyến vận tải qua eo biển Hormuz cũng như khả năng duy trì đàm phán Trung Động đã khiến đà phục hồi của cổ phiếu dầu khí suy yếu.
Theo kế hoạch kinh doanh năm 2026 của 928 doanh nghiệp đã công bố đại diện 87,2% vốn hóa toàn thị trường, tổng lợi nhuận sau thuế được dự kiến tăng khoảng +14,1%, thấp hơn đáng kể so với mức +32,2% của 2025.
Với phương châm Đoàn kết - Dân chủ - Kỷ cương - Đột phá - Phát triển, Đại hội đại biểu toàn quốc lần thứ XIV của Đảng xác định tư duy, tầm nhìn, những quyết sách chiến lược để chúng ta vững bước tiến mạnh trong kỷ nguyên mới, thực hiện thắng lợi các mục tiêu phát triển đất nước đến năm 2030 khi Đảng ta tròn 100 năm thành lập (1930 - 2030); hiện thực hoá tầm nhìn phát triển đến năm 2045, kỷ niệm 100 năm thành lập nước Cộng hoà xã hội chủ nghĩa Việt Nam (1945 - 2045).
Tổng số đơn vị bầu cử đại biểu Quốc hội khóa XVI trong cả nước là 182. Số đơn vị bầu cử, danh sách các đơn vị bầu cử và số lượng đại biểu Quốc hội được bầu ở mỗi đơn vị bầu cử của các tỉnh, thành phố được ấn định...
VnEconomy cập nhật giá vàng trong nước & thế giới hôm nay: SJC, 9999, giá vàng USD/oz, biến động giá vàng tăng, giảm - phân tích, dự báo & dữ liệu lịch sử.
Interactive là một sản phẩm báo chí mới của VnEconomy vừa được ra mắt bạn đọc từ đầu tháng 3/2023 đã gây ấn tượng mạnh với độc giả bởi sự mới lạ, độc đáo. Đây cũng là sản phẩm độc quyền chỉ có trên VnEconomy.
Trong kỷ nguyên trí tuệ nhân tạo, đặc biệt là generative AI, phát triển mạnh mẽ, Tạp chí Kinh tế Việt Nam/VnEconomy đã tiên phong ứng dụng công nghê để mang đến trải nghiệm thông tin đột phá với chatbot AI Askonomy...
Thuế đối ứng của Mỹ có ảnh hướng thế nào đến chứng khoán?
Chính sách thuế quan mới của Mỹ, đặc biệt với mức thuế đối ứng 20% áp dụng từ ngày 7/8/2025 (giảm từ 46% sau đàm phán),
                            có tác động đáng kể đến kinh tế Việt Nam do sự phụ thuộc lớn vào xuất khẩu sang Mỹ (chiếm ~30% kim ngạch xuất khẩu).
                            Dưới đây là phân tích ngắn gọn về các ảnh hưởng chính:","Việc đặt ra mục tiêu tự do tài chính nhanh là chính đáng, nhưng điều cần quan tâm là bản thân chúng ta có phù hợp hay không để đạt được mục tiêu đó.",https://premedia.vneconomy.vn/files/uploads/2026/05/21/247c2527953d44a1bd1df34ccb287c52-91447.png?w=1200&h=630&mode=crop,2026-05-21T15:12:59
11,"Với một số ngành đang giao dịch dưới mức định giá trung bình 5 năm như Điện, Phân bón, Thiết bị Dầu khí và Sản xuất Dầu khí, khả năng điều chỉnh tăng kỳ vọng lợi nhuận có thể trở thành động lực quan trọng cho quá trình định giá lại cổ phiếu.
Theo kế hoạch kinh doanh năm 2026 của 928 doanh nghiệp đã công bố đại diện 87,2% vốn hóa toàn thị trường, tổng lợi nhuận sau thuế được dự kiến tăng khoảng +14,1%, thấp hơn đáng kể so với mức +32,2% của 2025.
Động lực tăng trưởng dự kiến dịch chuyển trở lại nhóm Tài chính với mức tăng theo kế hoạch là +17,2%, trong khi nhóm Phi tài chính dự kiến giảm tốc còn +10,7% sau năm 2025 tăng trưởng đột biến (+46,9%) nhờ hiệu ứng nền so sánh thấp.
Xét theo quy mô vốn hóa, tăng trưởng lợi nhuận năm 2026 được dự báo phân hóa mạnh hơn. Nhóm vốn hóa lớn (VN30) có thể quay trở lại vai trò dẫn dắt với LNST dự kiến tăng +19,6% nhờ kế hoạch lợi nhuận cao ở họ Vin (VIC, VHM, VPL), Thép (HPG), Ngân hàng (HDB, VPB, SHB).
Ngược lại, nhóm vốn hóa vừa (VNMID) và nhỏ (VNSML) đặt kế hoạch kinh doanh khá thận trọng với LNST theo kế hoạch dự kiến tăng thấp +1,4% ở VNMID và giảm -3,9% ở VNSML sau năm 2025 hồi phục mạnh nhờ nền thấp. Đây cũng là hai nhóm nhạy cảm hơn với môi trường lãi suất tăng, áp lực chi phí đầu vào (do giá dầu neo ở mức cao) và sức cầu tiêu dùng phục hồi chậm.
Nhóm đặt kế hoạch tăng trưởng cao: Nổi bật là Thép và Giải trí với tỷ lệ hoàn thành kế hoạch lợi nhuận cả năm ở mức cao ngay từ quý 1/2026. Với Thép, động lực chính đến từ HPG, trong khi VPL là yếu tố chủ đạo cho tăng trưởng của Giải trí.
Nhóm đặt kế hoạch tăng trưởng thấp: Nhóm dẫn dắt truyền thống như Ngân hàng, Thực phẩm & Đồ uống, Chứng khoán đặt kế hoạch tăng trưởng khá khiêm tốn, cho thấy tâm lý thận trọng trước bối cảnh môi trường kinh doanh nhiều thách thức và dư địa hồi phục chưa thực sự rõ nét.
Ngoài ra, Điện, Sản xuất dầu khí, Phân bón, Khai thác dầu khí và Hàng cá nhân có kế hoạch lợi nhuận tăng thấp hoặc suy giảm, nhưng tỷ lệ hoàn thành cao ngay trong quý 1 hàm ý khả năng lợi nhuận cả năm 2026 có thể vượt kế hoạch. Tuy nhiên, đây là các ngành có quy mô nhỏ nên khó có thể tạo động lực cho thị trường chung.
Về triển vọng định giá, FiinGroup cho rằng mức chiết khấu về định giá hiện chưa thực sự hấp dẫn với triển vọng tăng trưởng 2026. ""P/E toàn thị trường đang thấp hơn mức trung bình dài hạn (14,9x), nhưng chưa đủ hấp dẫn khi triển vọng tăng trưởng lợi nhuận năm 2026 dự kiến chậm lại"", FiinGroup nhấn mạnh.
Cụ thể, P/E toàn thị trường hiện dao động quanh 14,0x, thấp hơn mức trung bình dài hạn 14,9x, chủ yếu nhờ Ngân hàng đang giao dịch với P/E thấp hơn 20% so với trung bình 10 năm.
Ngược lại, P/E của nhóm Phi tài chính hiện ở mức 18,1x – cao hơn trung bình 10 năm, nhưng phần lớn phản ánh đà tăng mạnh của nhóm cổ phiếu họ Vingroup. Từ đầu năm 2026, nhóm Vingroup đóng góp hơn 105 điểm (~6%) trong tổng mức tăng 137,1 điểm (~7,68%) của VN-Index. Nếu loại trừ nhóm Vingroup, P/E của phần còn lại trong nhóm Phi tài chính ở mức 14,1x, giảm -17% từ đầu năm và thấp hơn khoảng 19% so với trung bình lịch sử 10 năm.
Dựa trên kế hoạch tăng trưởng lợi nhuận 2026 của các doanh nghiệp niêm yết, P/E fwd 2026 là 12,3x cho toàn thị trường, 8,1x cho Ngân hàng và 16,3x cho Phi tài chính. So với mặt bằng P/E trailing hiện tại, mức chênh lệch không quá đáng kể, cho thấy dư địa tái định giá dựa trên kỳ vọng tăng trưởng lợi nhuận không còn nhiều, trong khi mức chiết khấu định giá hiện tại chưa thực sự hấp dẫn trong bối cảnh môi trường vĩ mô vẫn đối mặt nhiều thách thức như lãi suất duy trì ở mức cao, thanh khoản hệ thống eo hẹp và sức cầu phục hồi chậm.
Xét theo tương quan giữa lịch sử định giá và triển vọng lợi nhuận 2026, tiềm năng đầu tư đang phân hóa mạnh giữa các nhóm ngành.
Các ngành đang giao dịch ở vùng định giá cao hơn trung bình 5 năm như Bất động sản, Phân phối Xăng dầu & Khí đốt, Vận tải thủy, Vật liệu xây dựng có thể đối mặt với rủi ro điều chỉnh nếu tốc độ tăng trưởng lợi nhuận không theo kịp kỳ vọng đã phản ánh vào giá cổ phiếu.
Với ngành dẫn dắt như Ngân hàng, dù định giá hiện tại thấp hơn trung bình 5 năm nhưng động lực tăng trưởng 2026 suy yếu trước áp lực NIM thu hẹp và trích lập dự phòng khi rủi ro suy giảm chất lượng tài sản gia tăng, khiến tiềm năng ngắn hạn vẫn khá hạn chế.
Với một số ngành đang giao dịch dưới mức định giá trung bình 5 năm như Điện, Phân bón, Thiết bị Dầu khí và Sản xuất Dầu khí, khả năng điều chỉnh tăng kỳ vọng lợi nhuận có thể trở thành động lực quan trọng cho quá trình định giá lại cổ phiếu.
Công ty Chứng khoán Vietcombank (VCBS) vừa được chấp thuận tăng vốn điều lệ lên 8.500 tỷ đồng nhằm nâng cao năng lực tài chính, mở rộng quy mô hoạt động và đầu tư mạnh hơn cho nền tảng công nghệ trong giai đoạn tới.
Dòng tiền quá yếu chiều nay đã không thể nâng đỡ giá các cổ phiếu trụ khiến VN-Index tiếp tục lùi sâu hơn lúc đóng cửa, xuống mức 1896,89 điểm. Đây là lần thứ 2 chỉ số đóng cửa để mất mốc 1900, sau 11 phiên trước vượt qua ngưỡng này.
Dù định giá hiện tại thấp hơn trung bình 5 năm nhưng động lực tăng trưởng 2026 suy yếu trước áp lực NIM thu hẹp và trích lập dự phòng khi rủi ro suy giảm chất lượng tài sản gia tăng, khiến tiềm năng ngắn hạn của nhóm Ngân hàng vẫn khá hạn chế.
Nhóm cổ phiếu dẫn dắt đà phục hồi chiều qua đồng loạt quay đầu sáng nay, nhất là cổ phiếu dầu khí. Giá dầu đột ngột giảm mạnh sau những thông tin tích cực từ tuyến vận tải qua eo biển Hormuz cũng như khả năng duy trì đàm phán Trung Động đã khiến đà phục hồi của cổ phiếu dầu khí suy yếu.
Theo kế hoạch kinh doanh năm 2026 của 928 doanh nghiệp đã công bố đại diện 87,2% vốn hóa toàn thị trường, tổng lợi nhuận sau thuế được dự kiến tăng khoảng +14,1%, thấp hơn đáng kể so với mức +32,2% của 2025.
Với phương châm Đoàn kết - Dân chủ - Kỷ cương - Đột phá - Phát triển, Đại hội đại biểu toàn quốc lần thứ XIV của Đảng xác định tư duy, tầm nhìn, những quyết sách chiến lược để chúng ta vững bước tiến mạnh trong kỷ nguyên mới, thực hiện thắng lợi các mục tiêu phát triển đất nước đến năm 2030 khi Đảng ta tròn 100 năm thành lập (1930 - 2030); hiện thực hoá tầm nhìn phát triển đến năm 2045, kỷ niệm 100 năm thành lập nước Cộng hoà xã hội chủ nghĩa Việt Nam (1945 - 2045).
Tổng số đơn vị bầu cử đại biểu Quốc hội khóa XVI trong cả nước là 182. Số đơn vị bầu cử, danh sách các đơn vị bầu cử và số lượng đại biểu Quốc hội được bầu ở mỗi đơn vị bầu cử của các tỉnh, thành phố được ấn định...
VnEconomy cập nhật giá vàng trong nước & thế giới hôm nay: SJC, 9999, giá vàng USD/oz, biến động giá vàng tăng, giảm - phân tích, dự báo & dữ liệu lịch sử.
Interactive là một sản phẩm báo chí mới của VnEconomy vừa được ra mắt bạn đọc từ đầu tháng 3/2023 đã gây ấn tượng mạnh với độc giả bởi sự mới lạ, độc đáo. Đây cũng là sản phẩm độc quyền chỉ có trên VnEconomy.
Trong kỷ nguyên trí tuệ nhân tạo, đặc biệt là generative AI, phát triển mạnh mẽ, Tạp chí Kinh tế Việt Nam/VnEconomy đã tiên phong ứng dụng công nghê để mang đến trải nghiệm thông tin đột phá với chatbot AI Askonomy...
Thuế đối ứng của Mỹ có ảnh hướng thế nào đến chứng khoán?
Chính sách thuế quan mới của Mỹ, đặc biệt với mức thuế đối ứng 20% áp dụng từ ngày 7/8/2025 (giảm từ 46% sau đàm phán),
                            có tác động đáng kể đến kinh tế Việt Nam do sự phụ thuộc lớn vào xuất khẩu sang Mỹ (chiếm ~30% kim ngạch xuất khẩu).
                            Dưới đây là phân tích ngắn gọn về các ảnh hưởng chính:","Với một số ngành đang giao dịch dưới mức định giá trung bình 5 năm như Điện, Phân bón, Thiết bị Dầu khí và Sản xuất Dầu khí, khả năng điều chỉnh tăng kỳ vọng...",https://premedia.vneconomy.vn/files/uploads/2026/05/20/9458158110154cc6b5f7eec3860609d7-91189.png?w=1200&h=630&mode=crop,2026-05-21T15:12:59
12,"Trong tuần từ ngày 11/5 đến ngày 15/5/2026, dòng vốn thông qua các quỹ hoán đổi danh mục (ETF) đầu tư vào thị trường chứng khoán Việt Nam ghi nhận bị rút ròng hơn 501 tỷ đồng. Trong đó, diễn biến rút ròng diễn ra ở 14/26 quỹ, tập trung chủ yếu ở nhóm ETF nội.
Cụ thể, nhóm quỹ ETF nội bị rút ròng hơn 284 tỷ đồng, tập trung chủ yếu ở quỹ MAFM VN30 ETF với 112,9 tỷ đồng và quỹ VFM VN30 ETF với 102,1 tỷ đồng. Ngoài ra, quỹ VFMVN Diamond ETF và quỹ KIM Growth VNFinselect ETF lần lượt bị rút ròng hơn 36 tỷ đồng và hơn 19 tỷ đồng.
Tương tự, các quỹ ETF ngoại ghi nhận dòng tiền rút ròng hơn 217 tỷ đồng, tập trung phần lớn ở quỹ Fubon FTSE Vietnam ETF với giá trị 277,9 tỷ đồng. Ngược lại, quỹ VanEck Vietnam ETF và quỹ CGS Fullgoal Vietnam 30 Sector Cap ETF hút ròng lần lượt hơn 50 tỷ đồng và hơn 17 tỷ đồng.
Với dòng tiền từ Thái Lan thông qua chứng chỉ lưu ký (DRs), nhà đầu tư Thái Lan bán ròng hơn 1,1 triệu chứng chỉ lưu ký ở quỹ VFMVN30 ETF (mã E1VFVN30), tương đương mức rút ròng hơn 42 tỷ đồng. Tương tự, nhà đầu tư bán ra 800 nghìn chứng chỉ lưu ký ở quỹ VFM VNDiamond ETF (mã FUEVFVND), tương đương hơn 29 tỷ đồng.
Trong tháng 5/2026, các quỹ ETF ghi nhận dòng tiền bị rút ròng hơn 670 tỷ đồng, nâng tổng giá trị rút ròng từ đầu năm 2026 lên hơn 3,5 nghìn tỷ đồng.
Tính đến ngày 15/5, tổng giá trị tài sản ròng của các quỹ ETF (chỉ tính các quỹ phân bổ vào thị trường Việt Nam) đạt hơn 63,7 nghìn tỷ đồng, giảm 3,9% so với mức cuối năm 2025.
Top cổ phiếu bị các quỹ bán ròng trong tuần từ ngày 11-15/5 bao gồm VIC, HPG, VHM, MSN, STB.
Riêng trong ngày 18/5/2026, quỹ Fubon FTSE Vietnam ETF bị rút ròng 47 tỷ đồng và tiếp tục bán ròng các cổ phiếu trong danh mục. Top cổ phiếu bị bán ròng gồm HPG (-159 nghìn cổ phiếu, -4,2 tỷ đồng), VIX (-121 nghìn cổ phiếu, -2,3 tỷ đồng), SSI (-88 nghìn cổ phiếu, -2,5 tỷ đồng), SHB (-77 nghìn cổ phiếu, -1,1 tỷ đồng), VCK (-63 nghìn cổ phiếu, -2,1 tỷ đồng).
Quỹ VEM VN30 ETF và quỹ VFM VNDiamond ETF lần lượt bị rút ròng 3 tỷ đồng và hơn 14 tỷ đồng. Trong khi đó, quỹ VFM VNMIDCAP ETF không có biến động về dòng tiền.
Trên thị trường toàn cầu, tuần qua, thị trường chứng khoán Mỹ ghi nhận tuần điều chỉnh nhẹ sau chuỗi 6 tuần tăng liên tiếp khi áp lực chốt lời ở nhóm công nghệ khiến Chỉ số trung bình công nghiệp Dow Jones (DJIA) và Nasdaq chốt tuần giảm lần lượt 0,17% và 0,08%, trong khi S&P 500 ngược chiều tăng 0,13%. Lợi suất trái phiếu Chính phủ Mỹ kỳ hạn 10 năm tăng lên trên ngưỡng 4,5% sau dữ liệu lạm phát gia tăng trong tháng 4.
Dòng vốn ETF vào cổ phiếu tại Mỹ tăng trưởng trở lại khi hút thêm 29,1 tỷ USD (+29,1% so với tuần trước) khi thị trường đang kỳ vọng câu chuyện tăng trưởng ở nhóm sản xuất chip sau kết quả kinh doanh quý I khá tích cực. Trong khi đó, ETF trái phiếu Mỹ cũng được rót thêm 12,9 tỷ USD (+27,8% so với tuần trước) khi lợi suất trái phiếu Chính phủ Mỹ kỳ hạn 10 năm tăng mạnh lên trên mức 4,5%, đây là ngưỡng quan trọng khi lợi suất trái phiếu trở nên hấp dẫn hơn.
Dòng vốn vào các quỹ ETF cổ phiếu ngoài Mỹ cũng cùng xu hướng mở rộng quy mô khi hút thêm 4,6 tỷ USD (+77% so với tuần trước). Điều này tiếp tục củng cố xu hướng dòng vốn trong 2 tuần gần đây là phân bổ sang các thị trường ngoài Mỹ như châu Âu hoặc các thị trường mới nổi. Tương tự, các quỹ ETF trái phiếu ngoài Mỹ hút ròng thêm hơn 1,6 tỷ USD (+49% so với tuần trước).
Các quỹ ETF hàng hóa tiếp tục được hút ròng tuần thứ 2 liên tiếp với giá trị 1,8 tỷ USD (+202% so với tuần trước). Đáng chú ý, mặc dù giá vàng có xu hướng điều chỉnh trong tuần qua nhưng quỹ iShares Gold Trust vẫn ghi nhận dòng vốn dương, cho thấy nhu cầu trú ẩn ở kim loại quý nói riêng và nhóm ETF hàng hóa nói chung vẫn còn hiện hữu.
Nhìn chung, dòng vốn trong tuần qua vẫn duy trì trạng thái “risk-on” nhưng vẫn giữ vị thế phòng thủ khi phân bổ sang các lớp tài sản khác như trái phiếu và kim loại quý. Ngoài ra, các khu vực ngoài Mỹ cũng ghi nhận diễn biến hút ròng tích cực.
Tại châu Á, dòng vốn có diễn biến rút ròng là chủ đạo. Hàn Quốc dẫn đầu chiều rút ròng với hơn 13,1 tỷ USD và đang là quốc gia bị rút ròng mạnh nhất từ đầu năm 2026. Ngoài ra, Đài Loan và Ấn Độ cũng bị rút lần lượt 2,5 tỷ USD và 1,2 tỷ USD. Ngược lại, Thái Lan được hút ròng hơn 283 triệu USD.
ETF vào khu vực Đông Nam Á có diễn biến tích cực khi hút ròng 66,7 triệu USD với các thị trường Singapore dẫn đầu (55,6 triệu USD), Indonesia (19,5 triệu USD), Malaysia (6,8 triệu USD), khi đây là nhóm hưởng lợi từ trí tuệ nhân tạo (AI), chip và trung tâm dữ liệu. Ngược lại, Việt Nam bị rút ròng với giá trị gần 16 triệu USD.
Công ty Chứng khoán Vietcombank (VCBS) vừa được chấp thuận tăng vốn điều lệ lên 8.500 tỷ đồng nhằm nâng cao năng lực tài chính, mở rộng quy mô hoạt động và đầu tư mạnh hơn cho nền tảng công nghệ trong giai đoạn tới.
Dòng tiền quá yếu chiều nay đã không thể nâng đỡ giá các cổ phiếu trụ khiến VN-Index tiếp tục lùi sâu hơn lúc đóng cửa, xuống mức 1896,89 điểm. Đây là lần thứ 2 chỉ số đóng cửa để mất mốc 1900, sau 11 phiên trước vượt qua ngưỡng này.
Dù định giá hiện tại thấp hơn trung bình 5 năm nhưng động lực tăng trưởng 2026 suy yếu trước áp lực NIM thu hẹp và trích lập dự phòng khi rủi ro suy giảm chất lượng tài sản gia tăng, khiến tiềm năng ngắn hạn của nhóm Ngân hàng vẫn khá hạn chế.
Nhóm cổ phiếu dẫn dắt đà phục hồi chiều qua đồng loạt quay đầu sáng nay, nhất là cổ phiếu dầu khí. Giá dầu đột ngột giảm mạnh sau những thông tin tích cực từ tuyến vận tải qua eo biển Hormuz cũng như khả năng duy trì đàm phán Trung Động đã khiến đà phục hồi của cổ phiếu dầu khí suy yếu.
Theo kế hoạch kinh doanh năm 2026 của 928 doanh nghiệp đã công bố đại diện 87,2% vốn hóa toàn thị trường, tổng lợi nhuận sau thuế được dự kiến tăng khoảng +14,1%, thấp hơn đáng kể so với mức +32,2% của 2025.
Với phương châm Đoàn kết - Dân chủ - Kỷ cương - Đột phá - Phát triển, Đại hội đại biểu toàn quốc lần thứ XIV của Đảng xác định tư duy, tầm nhìn, những quyết sách chiến lược để chúng ta vững bước tiến mạnh trong kỷ nguyên mới, thực hiện thắng lợi các mục tiêu phát triển đất nước đến năm 2030 khi Đảng ta tròn 100 năm thành lập (1930 - 2030); hiện thực hoá tầm nhìn phát triển đến năm 2045, kỷ niệm 100 năm thành lập nước Cộng hoà xã hội chủ nghĩa Việt Nam (1945 - 2045).
Tổng số đơn vị bầu cử đại biểu Quốc hội khóa XVI trong cả nước là 182. Số đơn vị bầu cử, danh sách các đơn vị bầu cử và số lượng đại biểu Quốc hội được bầu ở mỗi đơn vị bầu cử của các tỉnh, thành phố được ấn định...
VnEconomy cập nhật giá vàng trong nước & thế giới hôm nay: SJC, 9999, giá vàng USD/oz, biến động giá vàng tăng, giảm - phân tích, dự báo & dữ liệu lịch sử.
Interactive là một sản phẩm báo chí mới của VnEconomy vừa được ra mắt bạn đọc từ đầu tháng 3/2023 đã gây ấn tượng mạnh với độc giả bởi sự mới lạ, độc đáo. Đây cũng là sản phẩm độc quyền chỉ có trên VnEconomy.
Trong kỷ nguyên trí tuệ nhân tạo, đặc biệt là generative AI, phát triển mạnh mẽ, Tạp chí Kinh tế Việt Nam/VnEconomy đã tiên phong ứng dụng công nghê để mang đến trải nghiệm thông tin đột phá với chatbot AI Askonomy...
Thuế đối ứng của Mỹ có ảnh hướng thế nào đến chứng khoán?
Chính sách thuế quan mới của Mỹ, đặc biệt với mức thuế đối ứng 20% áp dụng từ ngày 7/8/2025 (giảm từ 46% sau đàm phán),
                            có tác động đáng kể đến kinh tế Việt Nam do sự phụ thuộc lớn vào xuất khẩu sang Mỹ (chiếm ~30% kim ngạch xuất khẩu).
                            Dưới đây là phân tích ngắn gọn về các ảnh hưởng chính:","Trong tuần từ ngày 11/5 đến ngày 15/5/2026, dòng vốn thông qua các quỹ hoán đổi danh mục (ETF) đầu tư vào thị trường chứng khoán Việt Nam ghi nhận bị rút ròn...",https://premedia.vneconomy.vn/files/uploads/2026/05/20/4750da16f1494679a2ed34dd7229fa77-91132.png?w=1200&h=630&mode=crop,2026-05-21T15:12:59
